        TIME,    TIDE,      OB,   SURGE,    BIAS,     TWL,SURGE90p,  TWL90p,SURGE10p,   TWL10p
202609011800,   0.756,9999.000,   0.600,9999.000,   1.356,   0.600,   1.356,   0.600,   1.356
202609011806,   0.753,9999.000,9999.000,9999.000,9999.000,9999.000,9999.000,9999.000,9999.000
202609011812,   0.750,9999.000,9999.000,9999.000,9999.000,9999.000,9999.000,9999.000,9999.000
202609011818,   0.748,9999.000,9999.000,9999.000,9999.000,9999.000,9999.000,9999.000,9999.000
202609011824,   0.745,9999.000,9999.000,9999.000,9999.000,9999.000,9999.000,9999.000,9999.000
202609011830,   0.742,9999.000,9999.000,9999.000,9999.000,9999.000,9999.000,9999.000,9999.000
202609011836,   0.739,9999.000,9999.000,9999.000,9999.000,9999.000,9999.000,9999.000,9999.000
202609011842,   0.736,9999.000,9999.000,9999.000,9999.000,9999.000,9999.000,9999.000,9999.000
202609011848,   0.732,9999.000,9999.000,9999.000,9999.000,9999.000,9999.000,9999.000,9999.000
202609011854,   0.729,9999.000,9999.000,9999.000,9999.000,9999.000,9999.000,9999.000,9999.000
202609011900,   0.726,   1.479,   0.600,   0.153,   1.479,   0.600,   1.479,   0.600,   1.479
202609011906,   0.723,   1.498,9999.000,9999.000,9999.000,9999.000,9999.000,9999.000,9999.000
202609011912,   0.719,   1.479,9999.000,9999.000,9999.000,9999.000,9999.000,9999.000,9999.000
202609011918,   0.716,   1.479,9999.000,9999.000,9999.000,9999.000,9999.000,9999.000,9999.000
202609011924,   0.712,   1.508,9999.000,9999.000,9999.000,9999.000,9999.000,9999.000,9999.000
202609011930,   0.708,   1.518,9999.000,9999.000,9999.000,9999.000,9999.000,9999.000,9999.000
202609011936,   0.705,   1.449,9999.000,9999.000,9999.000,9999.000,9999.000,9999.000,9999.000
202609011942,   0.701,   1.390,9999.000,9999.000,9999.000,9999.000,9999.000,9999.000,9999.000
202609011948,   0.697,   1.338,9999.000,9999.000,9999.000,9999.000,9999.000,9999.000,9999.000
202609011954,   0.694,   1.279,9999.000,9999.000,9999.000,9999.000,9999.000,9999.000,9999.000
202609012000,   0.690,   1.229,   0.600,  -0.061,   1.229,   0.600,   1.229,   0.600,   1.229
202609012006,   0.686,   1.239,9999.000,9999.000,9999.000,9999.000,9999.000,9999.000,9999.000
202609012012,   0.682,   1.249,9999.000,9999.000,9999.000,9999.000,9999.000,9999.000,9999.000
202609012018,   0.678,   1.210,9999.000,9999.000,9999.000,9999.000,9999.000,9999.000,9999.000
202609012024,   0.674,   1.170,9999.000,9999.000,9999.000,9999.000,9999.000,9999.000,9999.000
202609012030,   0.670,   1.200,9999.000,9999.000,9999.000,9999.000,9999.000,9999.000,9999.000
202609012036,   0.666,   1.249,9999.000,9999.000,9999.000,9999.000,9999.000,9999.000,9999.000
202609012042,   0.662,   1.210,9999.000,9999.000,9999.000,9999.000,9999.000,9999.000,9999.000
202609012048,   0.657,   1.180,9999.000,9999.000,9999.000,9999.000,9999.000,9999.000,9999.000
202609012054,   0.653,   1.210,9999.000,9999.000,9999.000,9999.000,9999.000,9999.000,9999.000
202609012100,   0.649,   1.259,   0.600,   0.010,   1.259,   0.500,   1.159,   0.600,   1.259
202609012106,   0.645,   1.259,9999.000,9999.000,9999.000,9999.000,9999.000,9999.000,9999.000
202609012112,   0.641,   1.200,9999.000,9999.000,9999.000,9999.000,9999.000,9999.000,9999.000
202609012118,   0.636,   1.118,9999.000,9999.000,9999.000,9999.000,9999.000,9999.000,9999.000
202609012124,   0.632,   1.079,9999.000,9999.000,9999.000,9999.000,9999.000,9999.000,9999.000
202609012130,   0.628,   1.151,9999.000,9999.000,9999.000,9999.000,9999.000,9999.000,9999.000
202609012136,   0.623,   1.279,9999.000,9999.000,9999.000,9999.000,9999.000,9999.000,9999.000
202609012142,   0.619,   1.361,9999.000,9999.000,9999.000,9999.000,9999.000,9999.000,9999.000
202609012148,   0.615,   1.269,9999.000,9999.000,9999.000,9999.000,9999.000,9999.000,9999.000
202609012154,   0.610,   1.220,9999.000,9999.000,9999.000,9999.000,9999.000,9999.000,9999.000
202609012200,   0.606,   1.239,   0.600,   0.033,   1.239,   0.500,   1.139,   0.600,   1.239
202609012206,   0.602,   1.259,9999.000,9999.000,9999.000,9999.000,9999.000,9999.000,9999.000
202609012212,   0.598,   1.200,9999.000,9999.000,9999.000,9999.000,9999.000,9999.000,9999.000
202609012218,   0.593,   1.161,9999.000,9999.000,9999.000,9999.000,9999.000,9999.000,9999.000
202609012224,   0.589,   1.151,9999.000,9999.000,9999.000,9999.000,9999.000,9999.000,9999.000
202609012230,   0.585,   1.170,9999.000,9999.000,9999.000,9999.000,9999.000,9999.000,9999.000
202609012236,   0.581,   1.170,9999.000,9999.000,9999.000,9999.000,9999.000,9999.000,9999.000
202609012242,   0.577,   1.180,9999.000,9999.000,9999.000,9999.000,9999.000,9999.000,9999.000
202609012248,   0.573,   1.170,9999.000,9999.000,9999.000,9999.000,9999.000,9999.000,9999.000
202609012254,   0.569,   1.118,9999.000,9999.000,9999.000,9999.000,9999.000,9999.000,9999.000
202609012300,   0.565,   1.128,   0.600,  -0.037,   1.128,   0.600,   1.128,   0.600,   1.128
202609012306,   0.561,   1.180,9999.000,9999.000,9999.000,9999.000,9999.000,9999.000,9999.000
202609012312,   0.557,   1.210,9999.000,9999.000,9999.000,9999.000,9999.000,9999.000,9999.000
202609012318,   0.553,   1.170,9999.000,9999.000,9999.000,9999.000,9999.000,9999.000,9999.000
202609012324,   0.549,   1.190,9999.000,9999.000,9999.000,9999.000,9999.000,9999.000,9999.000
202609012330,   0.546,   1.220,9999.000,9999.000,9999.000,9999.000,9999.000,9999.000,9999.000
202609012336,   0.542,   1.190,9999.000,9999.000,9999.000,9999.000,9999.000,9999.000,9999.000
202609012342,   0.539,   1.118,9999.000,9999.000,9999.000,9999.000,9999.000,9999.000,9999.000
202609012348,   0.536,   1.088,9999.000,9999.000,9999.000,9999.000,9999.000,9999.000,9999.000
202609012354,   0.532,   1.098,9999.000,9999.000,9999.000,9999.000,9999.000,9999.000,9999.000
202609020000,   0.529,   1.098,   0.400,   0.169,   1.098,   0.400,   1.098,   0.400,   1.098
202609020006,   0.526,   1.079,9999.000,9999.000,9999.000,9999.000,9999.000,9999.000,9999.000
202609020012,   0.523,   1.059,9999.000,9999.000,9999.000,9999.000,9999.000,9999.000,9999.000
202609020018,   0.520,   1.088,9999.000,9999.000,9999.000,9999.000,9999.000,9999.000,9999.000
202609020024,   0.517,   1.108,9999.000,9999.000,9999.000,9999.000,9999.000,9999.000,9999.000
202609020030,   0.515,   1.108,9999.000,9999.000,9999.000,9999.000,9999.000,9999.000,9999.000
202609020036,   0.512,   1.118,9999.000,9999.000,9999.000,9999.000,9999.000,9999.000,9999.000
202609020042,   0.510,   1.108,9999.000,9999.000,9999.000,9999.000,9999.000,9999.000,9999.000
202609020048,   0.507,   1.049,9999.000,9999.000,9999.000,9999.000,9999.000,9999.000,9999.000
202609020054,   0.505,   1.020,9999.000,9999.000,9999.000,9999.000,9999.000,9999.000,9999.000
202609020100,   0.503,   1.029,   0.400,   0.126,   1.029,   0.400,   1.029,   0.400,   1.029
202609020106,   0.501,   1.069,9999.000,9999.000,9999.000,9999.000,9999.000,9999.000,9999.000
202609020112,   0.499,   1.079,9999.000,9999.000,9999.000,9999.000,9999.000,9999.000,9999.000
202609020118,   0.497,   1.079,9999.000,9999.000,9999.000,9999.000,9999.000,9999.000,9999.000
202609020124,   0.495,   1.069,9999.000,9999.000,9999.000,9999.000,9999.000,9999.000,9999.000
202609020130,   0.493,   1.039,9999.000,9999.000,9999.000,9999.000,9999.000,9999.000,9999.000
202609020136,   0.491,   1.000,9999.000,9999.000,9999.000,9999.000,9999.000,9999.000,9999.000
202609020142,   0.490,   0.990,9999.000,9999.000,9999.000,9999.000,9999.000,9999.000,9999.000
202609020148,   0.488,   1.020,9999.000,9999.000,9999.000,9999.000,9999.000,9999.000,9999.000
202609020154,   0.486,   1.010,9999.000,9999.000,9999.000,9999.000,9999.000,9999.000,9999.000
202609020200,   0.485,   0.980,   0.400,   0.095,   0.980,   0.400,   0.980,   0.400,   0.980
202609020206,   0.484,   0.990,9999.000,9999.000,9999.000,9999.000,9999.000,9999.000,9999.000
202609020212,   0.482,   1.020,9999.000,9999.000,9999.000,9999.000,9999.000,9999.000,9999.000
202609020218,   0.481,   1.020,9999.000,9999.000,9999.000,9999.000,9999.000,9999.000,9999.000
202609020224,   0.480,   0.980,9999.000,9999.000,9999.000,9999.000,9999.000,9999.000,9999.000
202609020230,   0.479,   0.990,9999.000,9999.000,9999.000,9999.000,9999.000,9999.000,9999.000
202609020236,   0.477,   1.020,9999.000,9999.000,9999.000,9999.000,9999.000,9999.000,9999.000
202609020242,   0.476,   1.020,9999.000,9999.000,9999.000,9999.000,9999.000,9999.000,9999.000
202609020248,   0.475,   0.980,9999.000,9999.000,9999.000,9999.000,9999.000,9999.000,9999.000
202609020254,   0.474,   0.970,9999.000,9999.000,9999.000,9999.000,9999.000,9999.000,9999.000
202609020300,   0.473,   1.000,   0.400,   0.127,   1.000,   0.400,   1.000,   0.400,   1.000
202609020306,   0.472,   1.039,9999.000,9999.000,9999.000,9999.000,9999.000,9999.000,9999.000
202609020312,   0.472,   1.039,9999.000,9999.000,9999.000,9999.000,9999.000,9999.000,9999.000
202609020318,   0.471,   1.010,9999.000,9999.000,9999.000,9999.000,9999.000,9999.000,9999.000
202609020324,   0.470,   0.980,9999.000,9999.000,9999.000,9999.000,9999.000,9999.000,9999.000
202609020330,   0.469,   0.970,9999.000,9999.000,9999.000,9999.000,9999.000,9999.000,9999.000
202609020336,   0.468,   0.951,9999.000,9999.000,9999.000,9999.000,9999.000,9999.000,9999.000
202609020342,   0.468,   0.941,9999.000,9999.000,9999.000,9999.000,9999.000,9999.000,9999.000
202609020348,   0.467,   0.941,9999.000,9999.000,9999.000,9999.000,9999.000,9999.000,9999.000
202609020354,   0.466,   0.970,9999.000,9999.000,9999.000,9999.000,9999.000,9999.000,9999.000
202609020400,   0.466,   0.990,   0.400,   0.124,   0.990,   0.400,   0.990,   0.400,   0.990
202609020406,   0.465,   0.970,9999.000,9999.000,9999.000,9999.000,9999.000,9999.000,9999.000
202609020412,   0.465,   0.961,9999.000,9999.000,9999.000,9999.000,9999.000,9999.000,9999.000
202609020418,   0.465,   0.970,9999.000,9999.000,9999.000,9999.000,9999.000,9999.000,9999.000
202609020424,   0.464,   0.970,9999.000,9999.000,9999.000,9999.000,9999.000,9999.000,9999.000
202609020430,   0.464,   0.951,9999.000,9999.000,9999.000,9999.000,9999.000,9999.000,9999.000
202609020436,   0.464,   0.928,9999.000,9999.000,9999.000,9999.000,9999.000,9999.000,9999.000
202609020442,   0.464,   0.918,9999.000,9999.000,9999.000,9999.000,9999.000,9999.000,9999.000
202609020448,   0.464,   0.918,9999.000,9999.000,9999.000,9999.000,9999.000,9999.000,9999.000
202609020454,   0.464,   0.928,9999.000,9999.000,9999.000,9999.000,9999.000,9999.000,9999.000
202609020500,   0.464,   0.951,   0.400,   0.087,   0.951,   0.400,   0.951,   0.400,   0.951
202609020506,   0.464,   0.990,9999.000,9999.000,9999.000,9999.000,9999.000,9999.000,9999.000
202609020512,   0.465,   0.990,9999.000,9999.000,9999.000,9999.000,9999.000,9999.000,9999.000
202609020518,   0.465,   0.980,9999.000,9999.000,9999.000,9999.000,9999.000,9999.000,9999.000
202609020524,   0.466,   0.970,9999.000,9999.000,9999.000,9999.000,9999.000,9999.000,9999.000
202609020530,   0.467,   0.970,9999.000,9999.000,9999.000,9999.000,9999.000,9999.000,9999.000
202609020536,   0.467,   0.980,9999.000,9999.000,9999.000,9999.000,9999.000,9999.000,9999.000
202609020542,   0.468,   0.990,9999.000,9999.000,9999.000,9999.000,9999.000,9999.000,9999.000
202609020548,   0.470,   0.961,9999.000,9999.000,9999.000,9999.000,9999.000,9999.000,9999.000
202609020554,   0.471,   0.941,9999.000,9999.000,9999.000,9999.000,9999.000,9999.000,9999.000
202609020600,   0.472,   0.941,   0.200,   0.269,   0.941,   0.200,   0.941,   0.200,   0.941
202609020606,   0.474,   0.941,9999.000,9999.000,9999.000,9999.000,9999.000,9999.000,9999.000
202609020612,   0.475,   0.908,9999.000,9999.000,9999.000,9999.000,9999.000,9999.000,9999.000
202609020618,   0.477,   0.879,9999.000,9999.000,9999.000,9999.000,9999.000,9999.000,9999.000
202609020624,   0.479,   0.898,9999.000,9999.000,9999.000,9999.000,9999.000,9999.000,9999.000
202609020630,   0.481,   0.961,9999.000,9999.000,9999.000,9999.000,9999.000,9999.000,9999.000
202609020636,   0.483,   0.980,9999.000,9999.000,9999.000,9999.000,9999.000,9999.000,9999.000
202609020642,   0.485,   0.951,9999.000,9999.000,9999.000,9999.000,9999.000,9999.000,9999.000
202609020648,   0.488,   0.951,9999.000,9999.000,9999.000,9999.000,9999.000,9999.000,9999.000
202609020654,   0.490,   0.990,9999.000,9999.000,9999.000,9999.000,9999.000,9999.000,9999.000
202609020700,   0.493,   0.990,   0.200,   0.297,   0.990,   0.200,   0.990,   0.200,   0.990
202609020706,   0.496,   0.951,9999.000,9999.000,9999.000,9999.000,9999.000,9999.000,9999.000
202609020712,   0.499,   0.928,9999.000,9999.000,9999.000,9999.000,9999.000,9999.000,9999.000
202609020718,   0.502,   0.928,9999.000,9999.000,9999.000,9999.000,9999.000,9999.000,9999.000
202609020724,   0.505,   0.928,9999.000,9999.000,9999.000,9999.000,9999.000,9999.000,9999.000
202609020730,   0.508,   0.928,9999.000,9999.000,9999.000,9999.000,9999.000,9999.000,9999.000
202609020736,   0.512,   0.941,9999.000,9999.000,9999.000,9999.000,9999.000,9999.000,9999.000
202609020742,   0.515,   0.961,9999.000,9999.000,9999.000,9999.000,9999.000,9999.000,9999.000
202609020748,   0.519,   0.970,9999.000,9999.000,9999.000,9999.000,9999.000,9999.000,9999.000
202609020754,   0.522,   0.961,9999.000,9999.000,9999.000,9999.000,9999.000,9999.000,9999.000
202609020800,   0.526,   0.970,   0.200,   0.244,   0.970,   0.200,   0.970,   0.200,   0.970
202609020806,   0.530,   0.980,9999.000,9999.000,9999.000,9999.000,9999.000,9999.000,9999.000
202609020812,   0.534,   0.970,9999.000,9999.000,9999.000,9999.000,9999.000,9999.000,9999.000
202609020818,   0.538,   0.961,9999.000,9999.000,9999.000,9999.000,9999.000,9999.000,9999.000
202609020824,   0.542,   0.970,9999.000,9999.000,9999.000,9999.000,9999.000,9999.000,9999.000
202609020830,   0.546,   0.990,9999.000,9999.000,9999.000,9999.000,9999.000,9999.000,9999.000
202609020836,   0.550,   1.000,9999.000,9999.000,9999.000,9999.000,9999.000,9999.000,9999.000
202609020842,   0.554,   0.990,9999.000,9999.000,9999.000,9999.000,9999.000,9999.000,9999.000
202609020848,   0.558,   1.000,9999.000,9999.000,9999.000,9999.000,9999.000,9999.000,9999.000
202609020854,   0.563,   1.000,9999.000,9999.000,9999.000,9999.000,9999.000,9999.000,9999.000
202609020900,   0.567,   0.980,   0.200,   0.213,   0.980,   0.200,   0.980,   0.200,   0.980
202609020906,   0.571,   0.980,9999.000,9999.000,9999.000,9999.000,9999.000,9999.000,9999.000
202609020912,   0.575,   0.990,9999.000,9999.000,9999.000,9999.000,9999.000,9999.000,9999.000
202609020918,   0.580,   1.010,9999.000,9999.000,9999.000,9999.000,9999.000,9999.000,9999.000
202609020924,   0.584,   1.000,9999.000,9999.000,9999.000,9999.000,9999.000,9999.000,9999.000
202609020930,   0.588,   1.000,9999.000,9999.000,9999.000,9999.000,9999.000,9999.000,9999.000
202609020936,   0.593,   1.000,9999.000,9999.000,9999.000,9999.000,9999.000,9999.000,9999.000
202609020942,   0.597,   1.010,9999.000,9999.000,9999.000,9999.000,9999.000,9999.000,9999.000
202609020948,   0.601,   1.010,9999.000,9999.000,9999.000,9999.000,9999.000,9999.000,9999.000
202609020954,   0.606,   1.010,9999.000,9999.000,9999.000,9999.000,9999.000,9999.000,9999.000
202609021000,   0.610,   1.000,   0.200,   0.190,   1.000,   0.200,   1.000,   0.200,   1.000
202609021006,   0.614,   1.000,9999.000,9999.000,9999.000,9999.000,9999.000,9999.000,9999.000
202609021012,   0.619,   1.020,9999.000,9999.000,9999.000,9999.000,9999.000,9999.000,9999.000
202609021018,   0.623,   1.039,9999.000,9999.000,9999.000,9999.000,9999.000,9999.000,9999.000
202609021024,   0.627,   1.059,9999.000,9999.000,9999.000,9999.000,9999.000,9999.000,9999.000
202609021030,   0.632,   1.059,9999.000,9999.000,9999.000,9999.000,9999.000,9999.000,9999.000
202609021036,   0.636,   1.059,9999.000,9999.000,9999.000,9999.000,9999.000,9999.000,9999.000
202609021042,   0.640,   1.059,9999.000,9999.000,9999.000,9999.000,9999.000,9999.000,9999.000
202609021048,   0.644,   1.039,9999.000,9999.000,9999.000,9999.000,9999.000,9999.000,9999.000
202609021054,   0.649,   1.039,9999.000,9999.000,9999.000,9999.000,9999.000,9999.000,9999.000
202609021100,   0.653,   1.059,   0.200,   0.206,   1.059,   0.200,   1.059,   0.200,   1.059
202609021106,   0.657,   1.079,9999.000,9999.000,9999.000,9999.000,9999.000,9999.000,9999.000
202609021112,   0.662,   1.059,9999.000,9999.000,9999.000,9999.000,9999.000,9999.000,9999.000
202609021118,   0.666,   1.059,9999.000,9999.000,9999.000,9999.000,9999.000,9999.000,9999.000
202609021124,   0.670,   1.079,9999.000,9999.000,9999.000,9999.000,9999.000,9999.000,9999.000
202609021130,   0.674,   1.098,9999.000,9999.000,9999.000,9999.000,9999.000,9999.000,9999.000
202609021136,   0.679,   1.088,9999.000,9999.000,9999.000,9999.000,9999.000,9999.000,9999.000
202609021142,   0.683,   1.079,9999.000,9999.000,9999.000,9999.000,9999.000,9999.000,9999.000
202609021148,   0.687,   1.108,9999.000,9999.000,9999.000,9999.000,9999.000,9999.000,9999.000
202609021154,   0.692,   1.138,9999.000,9999.000,9999.000,9999.000,9999.000,9999.000,9999.000
202609021200,   0.696,   1.138,   0.100,   0.342,   1.138,   0.100,   1.138,   0.200,   1.238
202609021206,   0.700,   1.108,9999.000,9999.000,9999.000,9999.000,9999.000,9999.000,9999.000
202609021212,   0.705,   1.108,9999.000,9999.000,9999.000,9999.000,9999.000,9999.000,9999.000
202609021218,   0.709,   1.108,9999.000,9999.000,9999.000,9999.000,9999.000,9999.000,9999.000
202609021224,   0.713,   1.108,9999.000,9999.000,9999.000,9999.000,9999.000,9999.000,9999.000
202609021230,   0.718,   1.108,9999.000,9999.000,9999.000,9999.000,9999.000,9999.000,9999.000
202609021236,   0.722,   1.128,9999.000,9999.000,9999.000,9999.000,9999.000,9999.000,9999.000
202609021242,   0.726,   1.138,9999.000,9999.000,9999.000,9999.000,9999.000,9999.000,9999.000
202609021248,   0.730,   1.118,9999.000,9999.000,9999.000,9999.000,9999.000,9999.000,9999.000
202609021254,   0.735,   1.118,9999.000,9999.000,9999.000,9999.000,9999.000,9999.000,9999.000
202609021300,   0.739,   1.138,   0.100,   0.299,   1.138,   0.100,   1.138,   0.200,   1.238
202609021306,   0.743,   1.161,9999.000,9999.000,9999.000,9999.000,9999.000,9999.000,9999.000
202609021312,   0.747,   1.170,9999.000,9999.000,9999.000,9999.000,9999.000,9999.000,9999.000
202609021318,   0.752,   1.170,9999.000,9999.000,9999.000,9999.000,9999.000,9999.000,9999.000
202609021324,   0.756,   1.190,9999.000,9999.000,9999.000,9999.000,9999.000,9999.000,9999.000
202609021330,   0.760,   1.200,9999.000,9999.000,9999.000,9999.000,9999.000,9999.000,9999.000
202609021336,   0.764,   1.190,9999.000,9999.000,9999.000,9999.000,9999.000,9999.000,9999.000
202609021342,   0.768,   1.180,9999.000,9999.000,9999.000,9999.000,9999.000,9999.000,9999.000
202609021348,   0.772,   1.180,9999.000,9999.000,9999.000,9999.000,9999.000,9999.000,9999.000
202609021354,   0.775,   1.190,9999.000,9999.000,9999.000,9999.000,9999.000,9999.000,9999.000
202609021400,   0.779,   1.180,   0.100,   0.301,   1.180,   0.100,   1.180,   0.200,   1.280
202609021406,   0.783,   1.170,9999.000,9999.000,9999.000,9999.000,9999.000,9999.000,9999.000
202609021412,   0.787,   1.170,9999.000,9999.000,9999.000,9999.000,9999.000,9999.000,9999.000
202609021418,   0.790,   1.180,9999.000,9999.000,9999.000,9999.000,9999.000,9999.000,9999.000
202609021424,   0.793,   1.180,9999.000,9999.000,9999.000,9999.000,9999.000,9999.000,9999.000
202609021430,   0.797,   1.190,9999.000,9999.000,9999.000,9999.000,9999.000,9999.000,9999.000
202609021436,   0.800,   1.200,9999.000,9999.000,9999.000,9999.000,9999.000,9999.000,9999.000
202609021442,   0.803,   1.190,9999.000,9999.000,9999.000,9999.000,9999.000,9999.000,9999.000
202609021448,   0.806,   1.190,9999.000,9999.000,9999.000,9999.000,9999.000,9999.000,9999.000
202609021454,   0.809,   1.200,9999.000,9999.000,9999.000,9999.000,9999.000,9999.000,9999.000
202609021500,   0.811,   1.190,   0.100,   0.279,   1.190,   0.100,   1.190,   0.200,   1.290
202609021506,   0.814,   1.180,9999.000,9999.000,9999.000,9999.000,9999.000,9999.000,9999.000
202609021512,   0.816,   1.180,9999.000,9999.000,9999.000,9999.000,9999.000,9999.000,9999.000
202609021518,   0.819,   1.200,9999.000,9999.000,9999.000,9999.000,9999.000,9999.000,9999.000
202609021524,   0.821,   1.200,9999.000,9999.000,9999.000,9999.000,9999.000,9999.000,9999.000
202609021530,   0.823,   1.180,9999.000,9999.000,9999.000,9999.000,9999.000,9999.000,9999.000
202609021536,   0.824,   1.180,9999.000,9999.000,9999.000,9999.000,9999.000,9999.000,9999.000
202609021542,   0.826,   1.200,9999.000,9999.000,9999.000,9999.000,9999.000,9999.000,9999.000
202609021548,   0.827,   1.200,9999.000,9999.000,9999.000,9999.000,9999.000,9999.000,9999.000
202609021554,   0.829,   1.180,9999.000,9999.000,9999.000,9999.000,9999.000,9999.000,9999.000
202609021600,   0.830,   1.180,   0.100,   0.250,   1.180,   0.100,   1.180,   0.200,   1.280
202609021606,   0.831,   1.180,9999.000,9999.000,9999.000,9999.000,9999.000,9999.000,9999.000
202609021612,   0.831,   1.190,9999.000,9999.000,9999.000,9999.000,9999.000,9999.000,9999.000
202609021618,   0.832,   1.180,9999.000,9999.000,9999.000,9999.000,9999.000,9999.000,9999.000
202609021624,   0.832,   1.180,9999.000,9999.000,9999.000,9999.000,9999.000,9999.000,9999.000
202609021630,   0.833,   1.180,9999.000,9999.000,9999.000,9999.000,9999.000,9999.000,9999.000
202609021636,   0.833,   1.180,9999.000,9999.000,9999.000,9999.000,9999.000,9999.000,9999.000
202609021642,   0.833,   1.151,9999.000,9999.000,9999.000,9999.000,9999.000,9999.000,9999.000
202609021648,   0.833,   1.138,9999.000,9999.000,9999.000,9999.000,9999.000,9999.000,9999.000
202609021654,   0.832,   1.138,9999.000,9999.000,9999.000,9999.000,9999.000,9999.000,9999.000
202609021700,   0.832,   1.161,   0.100,   0.229,   1.161,   0.100,   1.161,   0.200,   1.261
202609021706,   0.831,   1.161,9999.000,9999.000,9999.000,9999.000,9999.000,9999.000,9999.000
202609021712,   0.830,   1.170,9999.000,9999.000,9999.000,9999.000,9999.000,9999.000,9999.000
202609021718,   0.829,   1.170,9999.000,9999.000,9999.000,9999.000,9999.000,9999.000,9999.000
202609021724,   0.828,   1.161,9999.000,9999.000,9999.000,9999.000,9999.000,9999.000,9999.000
202609021730,   0.827,   1.138,9999.000,9999.000,9999.000,9999.000,9999.000,9999.000,9999.000
202609021736,   0.825,   1.138,9999.000,9999.000,9999.000,9999.000,9999.000,9999.000,9999.000
202609021742,   0.823,   1.138,9999.000,9999.000,9999.000,9999.000,9999.000,9999.000,9999.000
202609021748,   0.822,   1.118,9999.000,9999.000,9999.000,9999.000,9999.000,9999.000,9999.000
202609021754,   0.820,   1.108,9999.000,9999.000,9999.000,9999.000,9999.000,9999.000,9999.000
202609021800,   0.818,   1.108,   0.200,   0.090,   1.108,   0.100,   1.008,   0.200,   1.108
202609021806,   0.816,   1.108,9999.000,9999.000,9999.000,9999.000,9999.000,9999.000,9999.000
202609021812,   0.814,   1.108,9999.000,9999.000,9999.000,9999.000,9999.000,9999.000,9999.000
202609021818,   0.811,   1.098,9999.000,9999.000,9999.000,9999.000,9999.000,9999.000,9999.000
202609021824,   0.809,   1.098,9999.000,9999.000,9999.000,9999.000,9999.000,9999.000,9999.000
202609021830,   0.806,   1.088,9999.000,9999.000,9999.000,9999.000,9999.000,9999.000,9999.000
202609021836,   0.803,   1.088,9999.000,9999.000,9999.000,9999.000,9999.000,9999.000,9999.000
202609021842,   0.801,   1.079,9999.000,9999.000,9999.000,9999.000,9999.000,9999.000,9999.000
202609021848,   0.798,   1.069,9999.000,9999.000,9999.000,9999.000,9999.000,9999.000,9999.000
202609021854,   0.795,   1.069,9999.000,9999.000,9999.000,9999.000,9999.000,9999.000,9999.000
202609021900,   0.791,   1.069,   0.200,   0.078,   1.069,   0.100,   0.969,   0.200,   1.069
202609021906,   0.788,   1.059,9999.000,9999.000,9999.000,9999.000,9999.000,9999.000,9999.000
202609021912,   0.785,   1.059,9999.000,9999.000,9999.000,9999.000,9999.000,9999.000,9999.000
202609021918,   0.781,   1.049,9999.000,9999.000,9999.000,9999.000,9999.000,9999.000,9999.000
202609021924,   0.778,   1.029,9999.000,9999.000,9999.000,9999.000,9999.000,9999.000,9999.000
202609021930,   0.774,   1.020,9999.000,9999.000,9999.000,9999.000,9999.000,9999.000,9999.000
202609021936,   0.770,   1.010,9999.000,9999.000,9999.000,9999.000,9999.000,9999.000,9999.000
202609021942,   0.767,   1.010,9999.000,9999.000,9999.000,9999.000,9999.000,9999.000,9999.000
202609021948,   0.763,   1.010,9999.000,9999.000,9999.000,9999.000,9999.000,9999.000,9999.000
202609021954,   0.759,   1.010,9999.000,9999.000,9999.000,9999.000,9999.000,9999.000,9999.000
202609022000,   0.755,   1.000,   0.200,   0.045,   1.000,   0.100,   0.900,   0.200,   1.000
202609022006,   0.750,   1.000,9999.000,9999.000,9999.000,9999.000,9999.000,9999.000,9999.000
202609022012,   0.746,   0.980,9999.000,9999.000,9999.000,9999.000,9999.000,9999.000,9999.000
202609022018,   0.742,   0.961,9999.000,9999.000,9999.000,9999.000,9999.000,9999.000,9999.000
202609022024,   0.737,   0.961,9999.000,9999.000,9999.000,9999.000,9999.000,9999.000,9999.000
202609022030,   0.733,   0.951,9999.000,9999.000,9999.000,9999.000,9999.000,9999.000,9999.000
202609022036,   0.728,   0.941,9999.000,9999.000,9999.000,9999.000,9999.000,9999.000,9999.000
202609022042,   0.723,   0.951,9999.000,9999.000,9999.000,9999.000,9999.000,9999.000,9999.000
202609022048,   0.719,   0.970,9999.000,9999.000,9999.000,9999.000,9999.000,9999.000,9999.000
202609022054,   0.714,   0.961,9999.000,9999.000,9999.000,9999.000,9999.000,9999.000,9999.000
202609022100,   0.709,   0.961,   0.200,   0.052,   0.961,   0.100,   0.861,   0.200,   0.961
202609022106,   0.704,   0.951,9999.000,9999.000,9999.000,9999.000,9999.000,9999.000,9999.000
202609022112,   0.699,   0.941,9999.000,9999.000,9999.000,9999.000,9999.000,9999.000,9999.000
202609022118,   0.694,   0.941,9999.000,9999.000,9999.000,9999.000,9999.000,9999.000,9999.000
202609022124,   0.688,   0.918,9999.000,9999.000,9999.000,9999.000,9999.000,9999.000,9999.000
202609022130,   0.683,   0.918,9999.000,9999.000,9999.000,9999.000,9999.000,9999.000,9999.000
202609022136,   0.678,   0.908,9999.000,9999.000,9999.000,9999.000,9999.000,9999.000,9999.000
202609022142,   0.673,   0.908,9999.000,9999.000,9999.000,9999.000,9999.000,9999.000,9999.000
202609022148,   0.667,   0.898,9999.000,9999.000,9999.000,9999.000,9999.000,9999.000,9999.000
202609022154,   0.662,   0.888,9999.000,9999.000,9999.000,9999.000,9999.000,9999.000,9999.000
202609022200,   0.656,   0.869,   0.200,   0.013,   0.869,   0.100,   0.769,   0.200,   0.869
202609022206,   0.651,   0.859,9999.000,9999.000,9999.000,9999.000,9999.000,9999.000,9999.000
202609022212,   0.646,   0.888,9999.000,9999.000,9999.000,9999.000,9999.000,9999.000,9999.000
202609022218,   0.640,   0.908,9999.000,9999.000,9999.000,9999.000,9999.000,9999.000,9999.000
202609022224,   0.635,   0.888,9999.000,9999.000,9999.000,9999.000,9999.000,9999.000,9999.000
202609022230,   0.629,   0.879,9999.000,9999.000,9999.000,9999.000,9999.000,9999.000,9999.000
202609022236,   0.624,   0.869,9999.000,9999.000,9999.000,9999.000,9999.000,9999.000,9999.000
202609022242,   0.618,   0.859,9999.000,9999.000,9999.000,9999.000,9999.000,9999.000,9999.000
202609022248,   0.613,   0.859,9999.000,9999.000,9999.000,9999.000,9999.000,9999.000,9999.000
202609022254,   0.608,   0.859,9999.000,9999.000,9999.000,9999.000,9999.000,9999.000,9999.000
202609022300,   0.602,   0.849,   0.100,   0.147,   0.849,   0.100,   0.849,   0.200,   0.949
202609022306,   0.597,   0.849,9999.000,9999.000,9999.000,9999.000,9999.000,9999.000,9999.000
202609022312,   0.592,   0.849,9999.000,9999.000,9999.000,9999.000,9999.000,9999.000,9999.000
202609022318,   0.587,   0.849,9999.000,9999.000,9999.000,9999.000,9999.000,9999.000,9999.000
202609022324,   0.582,   0.829,9999.000,9999.000,9999.000,9999.000,9999.000,9999.000,9999.000
202609022330,   0.577,   0.810,9999.000,9999.000,9999.000,9999.000,9999.000,9999.000,9999.000
202609022336,   0.572,   0.819,9999.000,9999.000,9999.000,9999.000,9999.000,9999.000,9999.000
202609022342,   0.567,   0.810,9999.000,9999.000,9999.000,9999.000,9999.000,9999.000,9999.000
202609022348,   0.562,   0.810,9999.000,9999.000,9999.000,9999.000,9999.000,9999.000,9999.000
202609022354,   0.557,   0.819,9999.000,9999.000,9999.000,9999.000,9999.000,9999.000,9999.000
202609030000,   0.553,   0.810,   0.100,   0.157,   0.810,   0.100,   0.810,   0.200,   0.910
202609030006,   0.548,   0.800,9999.000,9999.000,9999.000,9999.000,9999.000,9999.000,9999.000
202609030012,   0.544,   0.790,9999.000,9999.000,9999.000,9999.000,9999.000,9999.000,9999.000
202609030018,   0.539,   0.780,9999.000,9999.000,9999.000,9999.000,9999.000,9999.000,9999.000
202609030024,   0.535,   0.780,9999.000,9999.000,9999.000,9999.000,9999.000,9999.000,9999.000
202609030030,   0.531,   0.760,9999.000,9999.000,9999.000,9999.000,9999.000,9999.000,9999.000
202609030036,   0.527,   0.731,9999.000,9999.000,9999.000,9999.000,9999.000,9999.000,9999.000
202609030042,   0.523,   0.741,9999.000,9999.000,9999.000,9999.000,9999.000,9999.000,9999.000
202609030048,   0.519,   0.760,9999.000,9999.000,9999.000,9999.000,9999.000,9999.000,9999.000
202609030054,   0.515,   0.760,9999.000,9999.000,9999.000,9999.000,9999.000,9999.000,9999.000
202609030100,   0.511,   0.741,   0.100,   0.130,   0.741,   0.100,   0.741,   0.200,   0.841
202609030106,   0.508,   0.731,9999.000,9999.000,9999.000,9999.000,9999.000,9999.000,9999.000
202609030112,   0.504,   0.731,9999.000,9999.000,9999.000,9999.000,9999.000,9999.000,9999.000
202609030118,   0.501,   0.731,9999.000,9999.000,9999.000,9999.000,9999.000,9999.000,9999.000
202609030124,   0.498,   0.698,9999.000,9999.000,9999.000,9999.000,9999.000,9999.000,9999.000
202609030130,   0.495,   0.688,9999.000,9999.000,9999.000,9999.000,9999.000,9999.000,9999.000
202609030136,   0.491,   0.698,9999.000,9999.000,9999.000,9999.000,9999.000,9999.000,9999.000
202609030142,   0.488,   0.718,9999.000,9999.000,9999.000,9999.000,9999.000,9999.000,9999.000
202609030148,   0.485,   0.708,9999.000,9999.000,9999.000,9999.000,9999.000,9999.000,9999.000
202609030154,   0.482,   0.698,9999.000,9999.000,9999.000,9999.000,9999.000,9999.000,9999.000
202609030200,   0.480,   0.688,   0.100,   0.108,   0.688,   0.100,   0.688,   0.200,   0.788
202609030206,   0.477,   0.688,9999.000,9999.000,9999.000,9999.000,9999.000,9999.000,9999.000
202609030212,   0.474,   0.669,9999.000,9999.000,9999.000,9999.000,9999.000,9999.000,9999.000
202609030218,   0.472,   0.669,9999.000,9999.000,9999.000,9999.000,9999.000,9999.000,9999.000
202609030224,   0.469,   0.678,9999.000,9999.000,9999.000,9999.000,9999.000,9999.000,9999.000
202609030230,   0.467,   0.678,9999.000,9999.000,9999.000,9999.000,9999.000,9999.000,9999.000
202609030236,   0.464,   0.678,9999.000,9999.000,9999.000,9999.000,9999.000,9999.000,9999.000
202609030242,   0.462,   0.688,9999.000,9999.000,9999.000,9999.000,9999.000,9999.000,9999.000
202609030248,   0.460,   0.698,9999.000,9999.000,9999.000,9999.000,9999.000,9999.000,9999.000
202609030254,   0.457,   0.688,9999.000,9999.000,9999.000,9999.000,9999.000,9999.000,9999.000
202609030300,   0.455,   0.659,   0.100,   0.104,   0.659,   0.100,   0.659,   0.200,   0.759
202609030306,   0.453,   0.659,9999.000,9999.000,9999.000,9999.000,9999.000,9999.000,9999.000
202609030312,   0.451,   0.678,9999.000,9999.000,9999.000,9999.000,9999.000,9999.000,9999.000
202609030318,   0.449,   0.678,9999.000,9999.000,9999.000,9999.000,9999.000,9999.000,9999.000
202609030324,   0.447,   0.659,9999.000,9999.000,9999.000,9999.000,9999.000,9999.000,9999.000
202609030330,   0.445,   0.659,9999.000,9999.000,9999.000,9999.000,9999.000,9999.000,9999.000
202609030336,   0.443,   0.669,9999.000,9999.000,9999.000,9999.000,9999.000,9999.000,9999.000
202609030342,   0.442,   0.659,9999.000,9999.000,9999.000,9999.000,9999.000,9999.000,9999.000
202609030348,   0.440,   0.639,9999.000,9999.000,9999.000,9999.000,9999.000,9999.000,9999.000
202609030354,   0.438,   0.639,9999.000,9999.000,9999.000,9999.000,9999.000,9999.000,9999.000
202609030400,   0.437,   0.649,   0.100,   0.112,   0.649,   0.100,   0.649,   0.200,   0.749
202609030406,   0.435,   0.639,9999.000,9999.000,9999.000,9999.000,9999.000,9999.000,9999.000
202609030412,   0.434,   0.629,9999.000,9999.000,9999.000,9999.000,9999.000,9999.000,9999.000
202609030418,   0.433,   0.639,9999.000,9999.000,9999.000,9999.000,9999.000,9999.000,9999.000
202609030424,   0.431,   0.659,9999.000,9999.000,9999.000,9999.000,9999.000,9999.000,9999.000
202609030430,   0.430,   0.659,9999.000,9999.000,9999.000,9999.000,9999.000,9999.000,9999.000
202609030436,   0.429,   0.639,9999.000,9999.000,9999.000,9999.000,9999.000,9999.000,9999.000
202609030442,   0.428,   0.639,9999.000,9999.000,9999.000,9999.000,9999.000,9999.000,9999.000
202609030448,   0.427,   0.649,9999.000,9999.000,9999.000,9999.000,9999.000,9999.000,9999.000
202609030454,   0.427,   0.649,9999.000,9999.000,9999.000,9999.000,9999.000,9999.000,9999.000
202609030500,   0.426,   0.629,   0.100,   0.103,   0.629,   0.100,   0.629,   0.200,   0.729
202609030506,   0.426,   0.629,9999.000,9999.000,9999.000,9999.000,9999.000,9999.000,9999.000
202609030512,   0.425,   0.639,9999.000,9999.000,9999.000,9999.000,9999.000,9999.000,9999.000
202609030518,   0.425,   0.659,9999.000,9999.000,9999.000,9999.000,9999.000,9999.000,9999.000
202609030524,   0.425,   0.669,9999.000,9999.000,9999.000,9999.000,9999.000,9999.000,9999.000
202609030530,   0.425,   0.649,9999.000,9999.000,9999.000,9999.000,9999.000,9999.000,9999.000
202609030536,   0.425,   0.629,9999.000,9999.000,9999.000,9999.000,9999.000,9999.000,9999.000
202609030542,   0.426,   0.629,9999.000,9999.000,9999.000,9999.000,9999.000,9999.000,9999.000
202609030548,   0.426,   0.649,9999.000,9999.000,9999.000,9999.000,9999.000,9999.000,9999.000
202609030554,   0.427,   0.649,9999.000,9999.000,9999.000,9999.000,9999.000,9999.000,9999.000
202609030600,   0.428,   0.649,   0.100,   0.121,   0.649,   0.100,   0.649,   0.100,   0.649
202609030606,   0.429,   0.649,9999.000,9999.000,9999.000,9999.000,9999.000,9999.000,9999.000
202609030612,   0.430,   0.649,9999.000,9999.000,9999.000,9999.000,9999.000,9999.000,9999.000
202609030618,   0.431,   0.649,9999.000,9999.000,9999.000,9999.000,9999.000,9999.000,9999.000
202609030624,   0.433,   0.649,9999.000,9999.000,9999.000,9999.000,9999.000,9999.000,9999.000
202609030630,   0.434,   0.649,9999.000,9999.000,9999.000,9999.000,9999.000,9999.000,9999.000
202609030636,   0.436,   0.649,9999.000,9999.000,9999.000,9999.000,9999.000,9999.000,9999.000
202609030642,   0.438,   0.639,9999.000,9999.000,9999.000,9999.000,9999.000,9999.000,9999.000
202609030648,   0.440,   0.649,9999.000,9999.000,9999.000,9999.000,9999.000,9999.000,9999.000
202609030654,   0.442,   0.669,9999.000,9999.000,9999.000,9999.000,9999.000,9999.000,9999.000
202609030700,   0.445,   0.688,   0.100,   0.143,   0.688,   0.100,   0.688,   0.100,   0.688
202609030706,   0.447,   0.688,9999.000,9999.000,9999.000,9999.000,9999.000,9999.000,9999.000
202609030712,   0.450,   0.678,9999.000,9999.000,9999.000,9999.000,9999.000,9999.000,9999.000
202609030718,   0.453,   0.688,9999.000,9999.000,9999.000,9999.000,9999.000,9999.000,9999.000
202609030724,   0.456,   0.698,9999.000,9999.000,9999.000,9999.000,9999.000,9999.000,9999.000
202609030730,   0.459,   0.688,9999.000,9999.000,9999.000,9999.000,9999.000,9999.000,9999.000
202609030736,   0.463,   0.688,9999.000,9999.000,9999.000,9999.000,9999.000,9999.000,9999.000
202609030742,   0.466,   0.688,9999.000,9999.000,9999.000,9999.000,9999.000,9999.000,9999.000
202609030748,   0.470,   0.708,9999.000,9999.000,9999.000,9999.000,9999.000,9999.000,9999.000
202609030754,   0.473,   0.708,9999.000,9999.000,9999.000,9999.000,9999.000,9999.000,9999.000
202609030800,   0.477,   0.708,   0.100,   0.131,   0.708,   0.100,   0.708,   0.100,   0.708
202609030806,   0.481,   0.708,9999.000,9999.000,9999.000,9999.000,9999.000,9999.000,9999.000
202609030812,   0.485,   0.718,9999.000,9999.000,9999.000,9999.000,9999.000,9999.000,9999.000
202609030818,   0.489,   0.718,9999.000,9999.000,9999.000,9999.000,9999.000,9999.000,9999.000
202609030824,   0.494,   0.731,9999.000,9999.000,9999.000,9999.000,9999.000,9999.000,9999.000
202609030830,   0.498,   0.731,9999.000,9999.000,9999.000,9999.000,9999.000,9999.000,9999.000
202609030836,   0.502,   0.731,9999.000,9999.000,9999.000,9999.000,9999.000,9999.000,9999.000
202609030842,   0.507,   0.731,9999.000,9999.000,9999.000,9999.000,9999.000,9999.000,9999.000
202609030848,   0.511,   0.741,9999.000,9999.000,9999.000,9999.000,9999.000,9999.000,9999.000
202609030854,   0.516,   0.760,9999.000,9999.000,9999.000,9999.000,9999.000,9999.000,9999.000
202609030900,   0.521,   0.760,   0.100,   0.139,   0.760,   0.100,   0.760,   0.100,   0.760
202609030906,   0.525,   0.760,9999.000,9999.000,9999.000,9999.000,9999.000,9999.000,9999.000
202609030912,   0.530,   0.760,9999.000,9999.000,9999.000,9999.000,9999.000,9999.000,9999.000
202609030918,   0.535,   0.780,9999.000,9999.000,9999.000,9999.000,9999.000,9999.000,9999.000
202609030924,   0.540,   0.780,9999.000,9999.000,9999.000,9999.000,9999.000,9999.000,9999.000
202609030930,   0.544,   0.780,9999.000,9999.000,9999.000,9999.000,9999.000,9999.000,9999.000
202609030936,   0.549,   0.780,9999.000,9999.000,9999.000,9999.000,9999.000,9999.000,9999.000
202609030942,   0.554,   0.800,9999.000,9999.000,9999.000,9999.000,9999.000,9999.000,9999.000
202609030948,   0.559,   0.810,9999.000,9999.000,9999.000,9999.000,9999.000,9999.000,9999.000
202609030954,   0.564,   0.819,9999.000,9999.000,9999.000,9999.000,9999.000,9999.000,9999.000
202609031000,   0.569,   0.810,   0.100,   0.141,   0.810,   0.100,   0.810,   0.200,   0.910
202609031006,   0.574,   0.810,9999.000,9999.000,9999.000,9999.000,9999.000,9999.000,9999.000
202609031012,   0.579,   0.819,9999.000,9999.000,9999.000,9999.000,9999.000,9999.000,9999.000
202609031018,   0.584,   0.829,9999.000,9999.000,9999.000,9999.000,9999.000,9999.000,9999.000
202609031024,   0.589,   0.839,9999.000,9999.000,9999.000,9999.000,9999.000,9999.000,9999.000
202609031030,   0.594,   0.839,9999.000,9999.000,9999.000,9999.000,9999.000,9999.000,9999.000
202609031036,   0.599,   0.849,9999.000,9999.000,9999.000,9999.000,9999.000,9999.000,9999.000
202609031042,   0.604,   0.869,9999.000,9999.000,9999.000,9999.000,9999.000,9999.000,9999.000
202609031048,   0.609,   0.879,9999.000,9999.000,9999.000,9999.000,9999.000,9999.000,9999.000
202609031054,   0.614,   0.869,9999.000,9999.000,9999.000,9999.000,9999.000,9999.000,9999.000
202609031100,   0.620,   0.879,   0.100,   0.159,   0.879,   0.100,   0.879,   0.200,   0.979
202609031106,   0.625,   0.898,9999.000,9999.000,9999.000,9999.000,9999.000,9999.000,9999.000
202609031112,   0.630,   0.898,9999.000,9999.000,9999.000,9999.000,9999.000,9999.000,9999.000
202609031118,   0.635,   0.898,9999.000,9999.000,9999.000,9999.000,9999.000,9999.000,9999.000
202609031124,   0.640,   0.908,9999.000,9999.000,9999.000,9999.000,9999.000,9999.000,9999.000
202609031130,   0.645,   0.928,9999.000,9999.000,9999.000,9999.000,9999.000,9999.000,9999.000
202609031136,   0.650,   0.928,9999.000,9999.000,9999.000,9999.000,9999.000,9999.000,9999.000
202609031142,   0.656,   0.918,9999.000,9999.000,9999.000,9999.000,9999.000,9999.000,9999.000
202609031148,   0.661,   0.928,9999.000,9999.000,9999.000,9999.000,9999.000,9999.000,9999.000
202609031154,   0.666,   0.951,9999.000,9999.000,9999.000,9999.000,9999.000,9999.000,9999.000
202609031200,   0.671,   0.961,   0.100,   0.190,   0.961,   0.100,   0.961,   0.100,   0.961
202609031206,   0.677,   0.951,9999.000,9999.000,9999.000,9999.000,9999.000,9999.000,9999.000
202609031212,   0.682,   0.951,9999.000,9999.000,9999.000,9999.000,9999.000,9999.000,9999.000
202609031218,   0.687,   0.970,9999.000,9999.000,9999.000,9999.000,9999.000,9999.000,9999.000
202609031224,   0.692,   0.990,9999.000,9999.000,9999.000,9999.000,9999.000,9999.000,9999.000
202609031230,   0.698,   0.980,9999.000,9999.000,9999.000,9999.000,9999.000,9999.000,9999.000
202609031236,   0.703,   0.970,9999.000,9999.000,9999.000,9999.000,9999.000,9999.000,9999.000
202609031242,   0.708,   0.980,9999.000,9999.000,9999.000,9999.000,9999.000,9999.000,9999.000
202609031248,   0.714,   1.000,9999.000,9999.000,9999.000,9999.000,9999.000,9999.000,9999.000
202609031254,   0.719,   1.000,9999.000,9999.000,9999.000,9999.000,9999.000,9999.000,9999.000
202609031300,   0.724,   0.990,   0.100,   0.166,   0.990,   0.100,   0.990,   0.100,   0.990
202609031306,   0.729,   1.000,9999.000,9999.000,9999.000,9999.000,9999.000,9999.000,9999.000
202609031312,   0.735,   1.020,9999.000,9999.000,9999.000,9999.000,9999.000,9999.000,9999.000
202609031318,   0.740,   1.039,9999.000,9999.000,9999.000,9999.000,9999.000,9999.000,9999.000
202609031324,   0.745,   1.039,9999.000,9999.000,9999.000,9999.000,9999.000,9999.000,9999.000
202609031330,   0.750,   1.049,9999.000,9999.000,9999.000,9999.000,9999.000,9999.000,9999.000
202609031336,   0.755,   1.059,9999.000,9999.000,9999.000,9999.000,9999.000,9999.000,9999.000
202609031342,   0.760,   1.059,9999.000,9999.000,9999.000,9999.000,9999.000,9999.000,9999.000
202609031348,   0.765,   1.059,9999.000,9999.000,9999.000,9999.000,9999.000,9999.000,9999.000
202609031354,   0.770,   1.069,9999.000,9999.000,9999.000,9999.000,9999.000,9999.000,9999.000
202609031400,   0.775,   1.079,   0.100,   0.204,   1.079,   0.100,   1.079,   0.100,   1.079
202609031406,   0.780,   1.069,9999.000,9999.000,9999.000,9999.000,9999.000,9999.000,9999.000
202609031412,   0.785,   1.049,9999.000,9999.000,9999.000,9999.000,9999.000,9999.000,9999.000
202609031418,   0.789,   1.059,9999.000,9999.000,9999.000,9999.000,9999.000,9999.000,9999.000
202609031424,   0.794,   1.069,9999.000,9999.000,9999.000,9999.000,9999.000,9999.000,9999.000
202609031430,   0.798,   1.069,9999.000,9999.000,9999.000,9999.000,9999.000,9999.000,9999.000
202609031436,   0.803,   1.049,9999.000,9999.000,9999.000,9999.000,9999.000,9999.000,9999.000
202609031442,   0.807,   1.039,9999.000,9999.000,9999.000,9999.000,9999.000,9999.000,9999.000
202609031448,   0.811,   1.059,9999.000,9999.000,9999.000,9999.000,9999.000,9999.000,9999.000
202609031454,   0.815,   1.088,9999.000,9999.000,9999.000,9999.000,9999.000,9999.000,9999.000
202609031500,   0.819,   1.069,   0.100,   0.150,   1.069,   0.100,   1.069,   0.200,   1.169
202609031506,   0.823,   1.059,9999.000,9999.000,9999.000,9999.000,9999.000,9999.000,9999.000
202609031512,   0.826,   1.069,9999.000,9999.000,9999.000,9999.000,9999.000,9999.000,9999.000
202609031518,   0.830,   1.079,9999.000,9999.000,9999.000,9999.000,9999.000,9999.000,9999.000
202609031524,   0.833,   1.069,9999.000,9999.000,9999.000,9999.000,9999.000,9999.000,9999.000
202609031530,   0.836,   1.059,9999.000,9999.000,9999.000,9999.000,9999.000,9999.000,9999.000
202609031536,   0.839,   1.079,9999.000,9999.000,9999.000,9999.000,9999.000,9999.000,9999.000
202609031542,   0.842,   1.088,9999.000,9999.000,9999.000,9999.000,9999.000,9999.000,9999.000
202609031548,   0.845,   1.088,9999.000,9999.000,9999.000,9999.000,9999.000,9999.000,9999.000
202609031554,   0.848,   1.088,9999.000,9999.000,9999.000,9999.000,9999.000,9999.000,9999.000
202609031600,   0.850,   1.108,   0.100,   0.158,   1.108,   0.100,   1.108,   0.200,   1.208
202609031606,   0.852,   1.108,9999.000,9999.000,9999.000,9999.000,9999.000,9999.000,9999.000
202609031612,   0.854,   1.088,9999.000,9999.000,9999.000,9999.000,9999.000,9999.000,9999.000
202609031618,   0.856,   1.069,9999.000,9999.000,9999.000,9999.000,9999.000,9999.000,9999.000
202609031624,   0.858,   1.079,9999.000,9999.000,9999.000,9999.000,9999.000,9999.000,9999.000
202609031630,   0.860,   1.088,9999.000,9999.000,9999.000,9999.000,9999.000,9999.000,9999.000
202609031636,   0.861,   1.088,9999.000,9999.000,9999.000,9999.000,9999.000,9999.000,9999.000
202609031642,   0.863,   1.069,9999.000,9999.000,9999.000,9999.000,9999.000,9999.000,9999.000
202609031648,   0.864,   1.069,9999.000,9999.000,9999.000,9999.000,9999.000,9999.000,9999.000
202609031654,   0.865,   1.079,9999.000,9999.000,9999.000,9999.000,9999.000,9999.000,9999.000
202609031700,   0.866,   1.079,   0.100,   0.113,   1.079,   0.100,   1.079,   0.100,   1.079
202609031706,   0.866,   1.079,9999.000,9999.000,9999.000,9999.000,9999.000,9999.000,9999.000
202609031712,   0.867,   1.079,9999.000,9999.000,9999.000,9999.000,9999.000,9999.000,9999.000
202609031718,   0.867,   1.079,9999.000,9999.000,9999.000,9999.000,9999.000,9999.000,9999.000
202609031724,   0.867,   1.069,9999.000,9999.000,9999.000,9999.000,9999.000,9999.000,9999.000
202609031730,   0.867,   1.069,9999.000,9999.000,9999.000,9999.000,9999.000,9999.000,9999.000
202609031736,   0.867,   1.079,9999.000,9999.000,9999.000,9999.000,9999.000,9999.000,9999.000
202609031742,   0.867,   1.069,9999.000,9999.000,9999.000,9999.000,9999.000,9999.000,9999.000
202609031748,   0.867,   1.069,9999.000,9999.000,9999.000,9999.000,9999.000,9999.000,9999.000
202609031754,   0.866,   1.069,9999.000,9999.000,9999.000,9999.000,9999.000,9999.000,9999.000
202609031800,   0.866,   1.059,   0.100,   0.093,   1.059,   0.100,   1.059,   0.100,   1.059
202609031806,   0.865,   1.059,9999.000,9999.000,9999.000,9999.000,9999.000,9999.000,9999.000
202609031812,   0.864,   1.049,9999.000,9999.000,9999.000,9999.000,9999.000,9999.000,9999.000
202609031818,   0.863,   1.049,9999.000,9999.000,9999.000,9999.000,9999.000,9999.000,9999.000
202609031824,   0.861,   1.059,9999.000,9999.000,9999.000,9999.000,9999.000,9999.000,9999.000
202609031830,   0.860,   1.059,9999.000,9999.000,9999.000,9999.000,9999.000,9999.000,9999.000
202609031836,   0.859,   1.049,9999.000,9999.000,9999.000,9999.000,9999.000,9999.000,9999.000
202609031842,   0.857,   1.049,9999.000,9999.000,9999.000,9999.000,9999.000,9999.000,9999.000
202609031848,   0.855,   1.049,9999.000,9999.000,9999.000,9999.000,9999.000,9999.000,9999.000
202609031854,   0.853,   1.049,9999.000,9999.000,9999.000,9999.000,9999.000,9999.000,9999.000
202609031900,   0.851,   1.020,   0.100,   0.069,   1.020,   0.100,   1.020,   0.100,   1.020
202609031906,   0.849,   1.010,9999.000,9999.000,9999.000,9999.000,9999.000,9999.000,9999.000
202609031912,   0.847,   1.000,9999.000,9999.000,9999.000,9999.000,9999.000,9999.000,9999.000
202609031918,   0.844,   1.010,9999.000,9999.000,9999.000,9999.000,9999.000,9999.000,9999.000
202609031924,   0.842,   1.020,9999.000,9999.000,9999.000,9999.000,9999.000,9999.000,9999.000
202609031930,   0.839,   1.000,9999.000,9999.000,9999.000,9999.000,9999.000,9999.000,9999.000
202609031936,   0.836,   0.970,9999.000,9999.000,9999.000,9999.000,9999.000,9999.000,9999.000
202609031942,   0.833,   0.980,9999.000,9999.000,9999.000,9999.000,9999.000,9999.000,9999.000
202609031948,   0.830,   0.990,9999.000,9999.000,9999.000,9999.000,9999.000,9999.000,9999.000
202609031954,   0.827,   0.990,9999.000,9999.000,9999.000,9999.000,9999.000,9999.000,9999.000
202609032000,   0.823,   0.970,   0.100,   0.047,   0.970,   0.100,   0.970,   0.100,   0.970
202609032006,   0.820,   0.970,9999.000,9999.000,9999.000,9999.000,9999.000,9999.000,9999.000
202609032012,   0.816,   0.961,9999.000,9999.000,9999.000,9999.000,9999.000,9999.000,9999.000
202609032018,   0.812,   0.961,9999.000,9999.000,9999.000,9999.000,9999.000,9999.000,9999.000
202609032024,   0.808,   0.961,9999.000,9999.000,9999.000,9999.000,9999.000,9999.000,9999.000
202609032030,   0.804,   0.961,9999.000,9999.000,9999.000,9999.000,9999.000,9999.000,9999.000
202609032036,   0.800,   0.941,9999.000,9999.000,9999.000,9999.000,9999.000,9999.000,9999.000
202609032042,   0.796,   0.928,9999.000,9999.000,9999.000,9999.000,9999.000,9999.000,9999.000
202609032048,   0.791,   0.928,9999.000,9999.000,9999.000,9999.000,9999.000,9999.000,9999.000
202609032054,   0.787,   0.928,9999.000,9999.000,9999.000,9999.000,9999.000,9999.000,9999.000
202609032100,   0.782,   0.908,   0.100,   0.026,   0.908,   0.100,   0.908,   0.100,   0.908
202609032106,   0.777,   0.888,9999.000,9999.000,9999.000,9999.000,9999.000,9999.000,9999.000
202609032112,   0.772,   0.869,9999.000,9999.000,9999.000,9999.000,9999.000,9999.000,9999.000
202609032118,   0.767,   0.879,9999.000,9999.000,9999.000,9999.000,9999.000,9999.000,9999.000
202609032124,   0.762,   0.888,9999.000,9999.000,9999.000,9999.000,9999.000,9999.000,9999.000
202609032130,   0.757,   0.869,9999.000,9999.000,9999.000,9999.000,9999.000,9999.000,9999.000
202609032136,   0.752,   0.869,9999.000,9999.000,9999.000,9999.000,9999.000,9999.000,9999.000
202609032142,   0.746,   0.879,9999.000,9999.000,9999.000,9999.000,9999.000,9999.000,9999.000
202609032148,   0.741,   0.869,9999.000,9999.000,9999.000,9999.000,9999.000,9999.000,9999.000
202609032154,   0.735,   0.849,9999.000,9999.000,9999.000,9999.000,9999.000,9999.000,9999.000
202609032200,   0.729,   0.839,   0.100,   0.010,   0.839,   0.100,   0.839,   0.100,   0.839
202609032206,   0.724,   0.859,9999.000,9999.000,9999.000,9999.000,9999.000,9999.000,9999.000
202609032212,   0.718,   0.869,9999.000,9999.000,9999.000,9999.000,9999.000,9999.000,9999.000
202609032218,   0.712,   0.849,9999.000,9999.000,9999.000,9999.000,9999.000,9999.000,9999.000
202609032224,   0.706,   0.829,9999.000,9999.000,9999.000,9999.000,9999.000,9999.000,9999.000
202609032230,   0.700,   0.810,9999.000,9999.000,9999.000,9999.000,9999.000,9999.000,9999.000
202609032236,   0.694,   0.810,9999.000,9999.000,9999.000,9999.000,9999.000,9999.000,9999.000
202609032242,   0.688,   0.819,9999.000,9999.000,9999.000,9999.000,9999.000,9999.000,9999.000
202609032248,   0.682,   0.800,9999.000,9999.000,9999.000,9999.000,9999.000,9999.000,9999.000
202609032254,   0.676,   0.790,9999.000,9999.000,9999.000,9999.000,9999.000,9999.000,9999.000
202609032300,   0.670,   0.790,   0.100,   0.020,   0.790,   0.100,   0.790,   0.100,   0.790
202609032306,   0.664,   0.780,9999.000,9999.000,9999.000,9999.000,9999.000,9999.000,9999.000
202609032312,   0.658,   0.770,9999.000,9999.000,9999.000,9999.000,9999.000,9999.000,9999.000
202609032318,   0.652,   0.770,9999.000,9999.000,9999.000,9999.000,9999.000,9999.000,9999.000
202609032324,   0.646,   0.790,9999.000,9999.000,9999.000,9999.000,9999.000,9999.000,9999.000
202609032330,   0.640,   0.800,9999.000,9999.000,9999.000,9999.000,9999.000,9999.000,9999.000
202609032336,   0.634,   0.780,9999.000,9999.000,9999.000,9999.000,9999.000,9999.000,9999.000
202609032342,   0.628,   0.760,9999.000,9999.000,9999.000,9999.000,9999.000,9999.000,9999.000
202609032348,   0.622,   0.780,9999.000,9999.000,9999.000,9999.000,9999.000,9999.000,9999.000
202609032354,   0.616,   0.780,9999.000,9999.000,9999.000,9999.000,9999.000,9999.000,9999.000
202609040000,   0.611,   0.770,   0.100,   0.059,   0.770,   0.100,   0.770,   0.100,   0.770
202609040006,   0.605,   0.760,9999.000,9999.000,9999.000,9999.000,9999.000,9999.000,9999.000
202609040012,   0.599,   0.760,9999.000,9999.000,9999.000,9999.000,9999.000,9999.000,9999.000
202609040018,   0.594,   0.760,9999.000,9999.000,9999.000,9999.000,9999.000,9999.000,9999.000
202609040024,   0.588,   0.751,9999.000,9999.000,9999.000,9999.000,9999.000,9999.000,9999.000
202609040030,   0.583,   0.718,9999.000,9999.000,9999.000,9999.000,9999.000,9999.000,9999.000
202609040036,   0.578,   0.708,9999.000,9999.000,9999.000,9999.000,9999.000,9999.000,9999.000
202609040042,   0.572,   0.698,9999.000,9999.000,9999.000,9999.000,9999.000,9999.000,9999.000
202609040048,   0.567,   0.698,9999.000,9999.000,9999.000,9999.000,9999.000,9999.000,9999.000
202609040054,   0.562,   0.678,9999.000,9999.000,9999.000,9999.000,9999.000,9999.000,9999.000
202609040100,   0.557,   0.678,   0.100,   0.021,   0.678,   0.100,   0.678,   0.100,   0.678
202609040106,   0.552,   0.678,9999.000,9999.000,9999.000,9999.000,9999.000,9999.000,9999.000
202609040112,   0.547,   0.659,9999.000,9999.000,9999.000,9999.000,9999.000,9999.000,9999.000
202609040118,   0.543,   0.639,9999.000,9999.000,9999.000,9999.000,9999.000,9999.000,9999.000
202609040124,   0.538,   0.639,9999.000,9999.000,9999.000,9999.000,9999.000,9999.000,9999.000
202609040130,   0.533,   0.649,9999.000,9999.000,9999.000,9999.000,9999.000,9999.000,9999.000
202609040136,   0.529,   0.639,9999.000,9999.000,9999.000,9999.000,9999.000,9999.000,9999.000
202609040142,   0.524,   0.629,9999.000,9999.000,9999.000,9999.000,9999.000,9999.000,9999.000
202609040148,   0.520,   0.639,9999.000,9999.000,9999.000,9999.000,9999.000,9999.000,9999.000
202609040154,   0.516,   0.659,9999.000,9999.000,9999.000,9999.000,9999.000,9999.000,9999.000
202609040200,   0.511,   0.649,   0.100,   0.038,   0.649,   0.100,   0.649,   0.100,   0.649
202609040206,   0.507,   0.639,9999.000,9999.000,9999.000,9999.000,9999.000,9999.000,9999.000
202609040212,   0.503,   0.639,9999.000,9999.000,9999.000,9999.000,9999.000,9999.000,9999.000
202609040218,   0.499,   0.649,9999.000,9999.000,9999.000,9999.000,9999.000,9999.000,9999.000
202609040224,   0.495,   0.639,9999.000,9999.000,9999.000,9999.000,9999.000,9999.000,9999.000
202609040230,   0.491,   0.619,9999.000,9999.000,9999.000,9999.000,9999.000,9999.000,9999.000
202609040236,   0.487,   0.610,9999.000,9999.000,9999.000,9999.000,9999.000,9999.000,9999.000
202609040242,   0.483,   0.619,9999.000,9999.000,9999.000,9999.000,9999.000,9999.000,9999.000
202609040248,   0.479,   0.610,9999.000,9999.000,9999.000,9999.000,9999.000,9999.000,9999.000
202609040254,   0.476,   0.590,9999.000,9999.000,9999.000,9999.000,9999.000,9999.000,9999.000
202609040300,   0.472,   0.580,   0.100,   0.008,   0.580,   0.100,   0.580,   0.100,   0.580
202609040306,   0.468,   0.590,9999.000,9999.000,9999.000,9999.000,9999.000,9999.000,9999.000
202609040312,   0.465,   0.600,9999.000,9999.000,9999.000,9999.000,9999.000,9999.000,9999.000
202609040318,   0.461,   0.590,9999.000,9999.000,9999.000,9999.000,9999.000,9999.000,9999.000
202609040324,   0.458,   0.570,9999.000,9999.000,9999.000,9999.000,9999.000,9999.000,9999.000
202609040330,   0.454,   0.570,9999.000,9999.000,9999.000,9999.000,9999.000,9999.000,9999.000
202609040336,   0.451,   0.580,9999.000,9999.000,9999.000,9999.000,9999.000,9999.000,9999.000
202609040342,   0.448,   0.580,9999.000,9999.000,9999.000,9999.000,9999.000,9999.000,9999.000
202609040348,   0.444,   0.560,9999.000,9999.000,9999.000,9999.000,9999.000,9999.000,9999.000
202609040354,   0.441,   0.551,9999.000,9999.000,9999.000,9999.000,9999.000,9999.000,9999.000
202609040400,   0.438,   0.560,   0.100,   0.022,   0.560,   0.100,   0.560,   0.100,   0.560
202609040406,   0.435,   0.570,9999.000,9999.000,9999.000,9999.000,9999.000,9999.000,9999.000
202609040412,   0.432,   0.560,9999.000,9999.000,9999.000,9999.000,9999.000,9999.000,9999.000
202609040418,   0.429,   0.551,9999.000,9999.000,9999.000,9999.000,9999.000,9999.000,9999.000
202609040424,   0.427,   0.560,9999.000,9999.000,9999.000,9999.000,9999.000,9999.000,9999.000
202609040430,   0.424,   0.570,9999.000,9999.000,9999.000,9999.000,9999.000,9999.000,9999.000
202609040436,   0.421,   0.570,9999.000,9999.000,9999.000,9999.000,9999.000,9999.000,9999.000
202609040442,   0.419,   0.560,9999.000,9999.000,9999.000,9999.000,9999.000,9999.000,9999.000
202609040448,   0.417,   0.570,9999.000,9999.000,9999.000,9999.000,9999.000,9999.000,9999.000
202609040454,   0.415,   0.580,9999.000,9999.000,9999.000,9999.000,9999.000,9999.000,9999.000
202609040500,   0.413,   0.580,   0.100,   0.067,   0.580,   0.100,   0.580,   0.100,   0.580
202609040506,   0.411,   0.570,9999.000,9999.000,9999.000,9999.000,9999.000,9999.000,9999.000
202609040512,   0.409,   0.570,9999.000,9999.000,9999.000,9999.000,9999.000,9999.000,9999.000
202609040518,   0.407,   0.580,9999.000,9999.000,9999.000,9999.000,9999.000,9999.000,9999.000
202609040524,   0.406,   0.580,9999.000,9999.000,9999.000,9999.000,9999.000,9999.000,9999.000
202609040530,   0.404,   0.580,9999.000,9999.000,9999.000,9999.000,9999.000,9999.000,9999.000
202609040536,   0.403,   0.580,9999.000,9999.000,9999.000,9999.000,9999.000,9999.000,9999.000
202609040542,   0.402,   0.580,9999.000,9999.000,9999.000,9999.000,9999.000,9999.000,9999.000
202609040548,   0.401,   0.580,9999.000,9999.000,9999.000,9999.000,9999.000,9999.000,9999.000
202609040554,   0.401,   0.580,9999.000,9999.000,9999.000,9999.000,9999.000,9999.000,9999.000
202609040600,   0.400,   0.570,   0.200,  -0.030,   0.570,   0.100,   0.470,   0.200,   0.570
202609040606,   0.400,   0.570,9999.000,9999.000,9999.000,9999.000,9999.000,9999.000,9999.000
202609040612,   0.400,   0.580,9999.000,9999.000,9999.000,9999.000,9999.000,9999.000,9999.000
202609040618,   0.400,   0.590,9999.000,9999.000,9999.000,9999.000,9999.000,9999.000,9999.000
202609040624,   0.400,   0.580,9999.000,9999.000,9999.000,9999.000,9999.000,9999.000,9999.000
202609040630,   0.400,   0.580,9999.000,9999.000,9999.000,9999.000,9999.000,9999.000,9999.000
202609040636,   0.401,   0.580,9999.000,9999.000,9999.000,9999.000,9999.000,9999.000,9999.000
202609040642,   0.402,   0.580,9999.000,9999.000,9999.000,9999.000,9999.000,9999.000,9999.000
202609040648,   0.403,   0.570,9999.000,9999.000,9999.000,9999.000,9999.000,9999.000,9999.000
202609040654,   0.404,   0.570,9999.000,9999.000,9999.000,9999.000,9999.000,9999.000,9999.000
202609040700,   0.405,   0.580,   0.200,  -0.025,   0.580,   0.100,   0.480,   0.200,   0.580
202609040706,   0.407,   0.590,9999.000,9999.000,9999.000,9999.000,9999.000,9999.000,9999.000
202609040712,   0.409,   0.580,9999.000,9999.000,9999.000,9999.000,9999.000,9999.000,9999.000
202609040718,   0.411,   0.580,9999.000,9999.000,9999.000,9999.000,9999.000,9999.000,9999.000
202609040724,   0.413,   0.600,9999.000,9999.000,9999.000,9999.000,9999.000,9999.000,9999.000
202609040730,   0.415,   0.619,9999.000,9999.000,9999.000,9999.000,9999.000,9999.000,9999.000
202609040736,   0.417,   0.629,9999.000,9999.000,9999.000,9999.000,9999.000,9999.000,9999.000
202609040742,   0.420,   0.629,9999.000,9999.000,9999.000,9999.000,9999.000,9999.000,9999.000
202609040748,   0.423,   0.659,9999.000,9999.000,9999.000,9999.000,9999.000,9999.000,9999.000
202609040754,   0.426,   0.678,9999.000,9999.000,9999.000,9999.000,9999.000,9999.000,9999.000
202609040800,   0.429,   0.669,   0.200,   0.040,   0.669,   0.100,   0.569,   0.200,   0.669
202609040806,   0.432,   0.659,9999.000,9999.000,9999.000,9999.000,9999.000,9999.000,9999.000
202609040812,   0.435,   0.678,9999.000,9999.000,9999.000,9999.000,9999.000,9999.000,9999.000
202609040818,   0.439,   0.708,9999.000,9999.000,9999.000,9999.000,9999.000,9999.000,9999.000
202609040824,   0.442,   0.718,9999.000,9999.000,9999.000,9999.000,9999.000,9999.000,9999.000
202609040830,   0.446,   0.731,9999.000,9999.000,9999.000,9999.000,9999.000,9999.000,9999.000
202609040836,   0.450,   0.718,9999.000,9999.000,9999.000,9999.000,9999.000,9999.000,9999.000
202609040842,   0.454,   0.708,9999.000,9999.000,9999.000,9999.000,9999.000,9999.000,9999.000
202609040848,   0.458,   0.718,9999.000,9999.000,9999.000,9999.000,9999.000,9999.000,9999.000
202609040854,   0.462,   0.708,9999.000,9999.000,9999.000,9999.000,9999.000,9999.000,9999.000
202609040900,   0.466,   0.698,   0.200,   0.032,   0.698,   0.100,   0.598,   0.200,   0.698
202609040906,   0.470,   0.708,9999.000,9999.000,9999.000,9999.000,9999.000,9999.000,9999.000
202609040912,   0.475,   0.731,9999.000,9999.000,9999.000,9999.000,9999.000,9999.000,9999.000
202609040918,   0.479,   0.741,9999.000,9999.000,9999.000,9999.000,9999.000,9999.000,9999.000
202609040924,   0.484,   0.718,9999.000,9999.000,9999.000,9999.000,9999.000,9999.000,9999.000
202609040930,   0.488,   0.731,9999.000,9999.000,9999.000,9999.000,9999.000,9999.000,9999.000
202609040936,   0.493,   0.770,9999.000,9999.000,9999.000,9999.000,9999.000,9999.000,9999.000
202609040942,   0.498,   0.800,9999.000,9999.000,9999.000,9999.000,9999.000,9999.000,9999.000
202609040948,   0.502,   0.790,9999.000,9999.000,9999.000,9999.000,9999.000,9999.000,9999.000
202609040954,   0.507,   0.780,9999.000,9999.000,9999.000,9999.000,9999.000,9999.000,9999.000
202609041000,   0.512,   0.810,   0.200,   0.098,   0.810,   0.200,   0.810,   0.200,   0.810
202609041006,   0.517,   0.839,9999.000,9999.000,9999.000,9999.000,9999.000,9999.000,9999.000
202609041012,   0.522,   0.839,9999.000,9999.000,9999.000,9999.000,9999.000,9999.000,9999.000
202609041018,   0.527,   0.839,9999.000,9999.000,9999.000,9999.000,9999.000,9999.000,9999.000
202609041024,   0.532,   0.869,9999.000,9999.000,9999.000,9999.000,9999.000,9999.000,9999.000
202609041030,   0.537,   0.918,9999.000,9999.000,9999.000,9999.000,9999.000,9999.000,9999.000
202609041036,   0.542,   0.928,9999.000,9999.000,9999.000,9999.000,9999.000,9999.000,9999.000
202609041042,   0.547,   0.918,9999.000,9999.000,9999.000,9999.000,9999.000,9999.000,9999.000
202609041048,   0.553,   0.918,9999.000,9999.000,9999.000,9999.000,9999.000,9999.000,9999.000
202609041054,   0.558,   0.941,9999.000,9999.000,9999.000,9999.000,9999.000,9999.000,9999.000
202609041100,   0.563,   0.970,   0.200,   0.207,   0.970,   0.200,   0.970,   0.200,   0.970
202609041106,   0.569,   0.980,9999.000,9999.000,9999.000,9999.000,9999.000,9999.000,9999.000
202609041112,   0.574,   1.020,9999.000,9999.000,9999.000,9999.000,9999.000,9999.000,9999.000
202609041118,   0.580,   1.049,9999.000,9999.000,9999.000,9999.000,9999.000,9999.000,9999.000
202609041124,   0.585,   1.069,9999.000,9999.000,9999.000,9999.000,9999.000,9999.000,9999.000
202609041130,   0.591,   0.990,9999.000,9999.000,9999.000,9999.000,9999.000,9999.000,9999.000
202609041136,   0.596,   0.918,9999.000,9999.000,9999.000,9999.000,9999.000,9999.000,9999.000
202609041142,   0.602,   0.869,9999.000,9999.000,9999.000,9999.000,9999.000,9999.000,9999.000
202609041148,   0.607,   0.879,9999.000,9999.000,9999.000,9999.000,9999.000,9999.000,9999.000
202609041154,   0.613,   0.859,9999.000,9999.000,9999.000,9999.000,9999.000,9999.000,9999.000
202609041200,   0.619,   0.819,   0.200,   0.000,   0.819,   0.200,   0.819,   0.200,   0.819
202609041206,   0.625,   0.810,9999.000,9999.000,9999.000,9999.000,9999.000,9999.000,9999.000
202609041212,   0.630,   0.849,9999.000,9999.000,9999.000,9999.000,9999.000,9999.000,9999.000
202609041218,   0.636,   0.859,9999.000,9999.000,9999.000,9999.000,9999.000,9999.000,9999.000
202609041224,   0.642,   0.839,9999.000,9999.000,9999.000,9999.000,9999.000,9999.000,9999.000
202609041230,   0.648,   0.839,9999.000,9999.000,9999.000,9999.000,9999.000,9999.000,9999.000
202609041236,   0.654,   0.869,9999.000,9999.000,9999.000,9999.000,9999.000,9999.000,9999.000
202609041242,   0.660,   0.918,9999.000,9999.000,9999.000,9999.000,9999.000,9999.000,9999.000
202609041248,   0.666,   0.918,9999.000,9999.000,9999.000,9999.000,9999.000,9999.000,9999.000
202609041254,   0.672,   0.918,9999.000,9999.000,9999.000,9999.000,9999.000,9999.000,9999.000
202609041300,   0.678,   0.970,   0.200,   0.092,   0.970,   0.200,   0.970,   0.200,   0.970
202609041306,   0.684,   1.020,9999.000,9999.000,9999.000,9999.000,9999.000,9999.000,9999.000
202609041312,   0.690,   1.069,9999.000,9999.000,9999.000,9999.000,9999.000,9999.000,9999.000
202609041318,   0.696,   1.118,9999.000,9999.000,9999.000,9999.000,9999.000,9999.000,9999.000
202609041324,   0.702,   1.180,9999.000,9999.000,9999.000,9999.000,9999.000,9999.000,9999.000
202609041330,   0.708,   1.239,9999.000,9999.000,9999.000,9999.000,9999.000,9999.000,9999.000
202609041336,   0.714,   1.229,9999.000,9999.000,9999.000,9999.000,9999.000,9999.000,9999.000
202609041342,   0.720,   1.180,9999.000,9999.000,9999.000,9999.000,9999.000,9999.000,9999.000
202609041348,   0.726,   1.190,9999.000,9999.000,9999.000,9999.000,9999.000,9999.000,9999.000
202609041354,   0.732,   1.259,9999.000,9999.000,9999.000,9999.000,9999.000,9999.000,9999.000
202609041400,   0.738,   1.289,   0.200,   0.351,   1.289,   0.200,   1.289,   0.200,   1.289
202609041406,   0.743,   1.308,9999.000,9999.000,9999.000,9999.000,9999.000,9999.000,9999.000
202609041412,   0.749,   1.318,9999.000,9999.000,9999.000,9999.000,9999.000,9999.000,9999.000
202609041418,   0.755,   1.249,9999.000,9999.000,9999.000,9999.000,9999.000,9999.000,9999.000
202609041424,   0.760,   1.079,9999.000,9999.000,9999.000,9999.000,9999.000,9999.000,9999.000
202609041430,   0.766,   0.970,9999.000,9999.000,9999.000,9999.000,9999.000,9999.000,9999.000
202609041436,   0.771,   0.951,9999.000,9999.000,9999.000,9999.000,9999.000,9999.000,9999.000
202609041442,   0.777,   0.951,9999.000,9999.000,9999.000,9999.000,9999.000,9999.000,9999.000
202609041448,   0.782,   0.888,9999.000,9999.000,9999.000,9999.000,9999.000,9999.000,9999.000
202609041454,   0.787,   0.839,9999.000,9999.000,9999.000,9999.000,9999.000,9999.000,9999.000
202609041500,   0.793,   0.879,   0.200,  -0.114,   0.879,   0.200,   0.879,   0.200,   0.879
202609041506,   0.798,   1.010,9999.000,9999.000,9999.000,9999.000,9999.000,9999.000,9999.000
202609041512,   0.802,   1.108,9999.000,9999.000,9999.000,9999.000,9999.000,9999.000,9999.000
202609041518,   0.807,   1.170,9999.000,9999.000,9999.000,9999.000,9999.000,9999.000,9999.000
202609041524,   0.812,   1.200,9999.000,9999.000,9999.000,9999.000,9999.000,9999.000,9999.000
202609041530,   0.817,   1.220,9999.000,9999.000,9999.000,9999.000,9999.000,9999.000,9999.000
202609041536,   0.821,   1.210,9999.000,9999.000,9999.000,9999.000,9999.000,9999.000,9999.000
202609041542,   0.825,   1.180,9999.000,9999.000,9999.000,9999.000,9999.000,9999.000,9999.000
202609041548,   0.830,   1.180,9999.000,9999.000,9999.000,9999.000,9999.000,9999.000,9999.000
202609041554,   0.834,   1.200,9999.000,9999.000,9999.000,9999.000,9999.000,9999.000,9999.000
202609041600,   0.838,   1.180,   0.200,   0.142,   1.180,   0.200,   1.180,   0.200,   1.180
202609041606,   0.841,   1.118,9999.000,9999.000,9999.000,9999.000,9999.000,9999.000,9999.000
202609041612,   0.845,   1.098,9999.000,9999.000,9999.000,9999.000,9999.000,9999.000,9999.000
202609041618,   0.849,   1.118,9999.000,9999.000,9999.000,9999.000,9999.000,9999.000,9999.000
202609041624,   0.852,   1.161,9999.000,9999.000,9999.000,9999.000,9999.000,9999.000,9999.000
202609041630,   0.855,   1.180,9999.000,9999.000,9999.000,9999.000,9999.000,9999.000,9999.000
202609041636,   0.858,   1.200,9999.000,9999.000,9999.000,9999.000,9999.000,9999.000,9999.000
202609041642,   0.861,   1.249,9999.000,9999.000,9999.000,9999.000,9999.000,9999.000,9999.000
202609041648,   0.864,   1.249,9999.000,9999.000,9999.000,9999.000,9999.000,9999.000,9999.000
202609041654,   0.867,   1.200,9999.000,9999.000,9999.000,9999.000,9999.000,9999.000,9999.000
202609041700,   0.870,   1.161,   0.200,   0.091,   1.161,   0.200,   1.161,   0.200,   1.161
202609041706,   0.872,   1.210,9999.000,9999.000,9999.000,9999.000,9999.000,9999.000,9999.000
202609041712,   0.874,   1.200,9999.000,9999.000,9999.000,9999.000,9999.000,9999.000,9999.000
202609041718,   0.876,   1.118,9999.000,9999.000,9999.000,9999.000,9999.000,9999.000,9999.000
202609041724,   0.878,   1.079,9999.000,9999.000,9999.000,9999.000,9999.000,9999.000,9999.000
202609041730,   0.880,   1.118,9999.000,9999.000,9999.000,9999.000,9999.000,9999.000,9999.000
202609041736,   0.882,   1.210,9999.000,9999.000,9999.000,9999.000,9999.000,9999.000,9999.000
202609041742,   0.884,   1.239,9999.000,9999.000,9999.000,9999.000,9999.000,9999.000,9999.000
202609041748,   0.885,   1.239,9999.000,9999.000,9999.000,9999.000,9999.000,9999.000,9999.000
202609041754,   0.887,   1.259,9999.000,9999.000,9999.000,9999.000,9999.000,9999.000,9999.000
202609041800,   0.888,   1.269,   0.100,   0.281,   1.269,   0.100,   1.269,   0.100,   1.269
202609041806,   0.889,   1.220,9999.000,9999.000,9999.000,9999.000,9999.000,9999.000,9999.000
202609041812,   0.890,   1.118,9999.000,9999.000,9999.000,9999.000,9999.000,9999.000,9999.000
202609041818,   0.891,   1.088,9999.000,9999.000,9999.000,9999.000,9999.000,9999.000,9999.000
202609041824,   0.891,   1.128,9999.000,9999.000,9999.000,9999.000,9999.000,9999.000,9999.000
202609041830,   0.892,   1.180,9999.000,9999.000,9999.000,9999.000,9999.000,9999.000,9999.000
202609041836,   0.892,   1.170,9999.000,9999.000,9999.000,9999.000,9999.000,9999.000,9999.000
202609041842,   0.892,   1.108,9999.000,9999.000,9999.000,9999.000,9999.000,9999.000,9999.000
202609041848,   0.892,   1.108,9999.000,9999.000,9999.000,9999.000,9999.000,9999.000,9999.000
202609041854,   0.892,   1.170,9999.000,9999.000,9999.000,9999.000,9999.000,9999.000,9999.000
202609041900,   0.892,   1.200,   0.100,   0.208,   1.200,   0.100,   1.200,   0.100,   1.200
202609041906,   0.892,   1.190,9999.000,9999.000,9999.000,9999.000,9999.000,9999.000,9999.000
202609041912,   0.891,   1.210,9999.000,9999.000,9999.000,9999.000,9999.000,9999.000,9999.000
202609041918,   0.891,   1.229,9999.000,9999.000,9999.000,9999.000,9999.000,9999.000,9999.000
202609041924,   0.890,   1.200,9999.000,9999.000,9999.000,9999.000,9999.000,9999.000,9999.000
202609041930,   0.889,   1.151,9999.000,9999.000,9999.000,9999.000,9999.000,9999.000,9999.000
202609041936,   0.888,   1.118,9999.000,9999.000,9999.000,9999.000,9999.000,9999.000,9999.000
202609041942,   0.886,   1.118,9999.000,9999.000,9999.000,9999.000,9999.000,9999.000,9999.000
202609041948,   0.885,   1.108,9999.000,9999.000,9999.000,9999.000,9999.000,9999.000,9999.000
202609041954,   0.883,   1.069,9999.000,9999.000,9999.000,9999.000,9999.000,9999.000,9999.000
202609042000,   0.882,   1.069,   0.100,   0.087,   1.069,   0.100,   1.069,   0.100,   1.069
202609042006,   0.880,   1.069,9999.000,9999.000,9999.000,9999.000,9999.000,9999.000,9999.000
202609042012,   0.877,   1.088,9999.000,9999.000,9999.000,9999.000,9999.000,9999.000,9999.000
202609042018,   0.875,   1.088,9999.000,9999.000,9999.000,9999.000,9999.000,9999.000,9999.000
202609042024,   0.873,   1.059,9999.000,9999.000,9999.000,9999.000,9999.000,9999.000,9999.000
202609042030,   0.870,   1.029,9999.000,9999.000,9999.000,9999.000,9999.000,9999.000,9999.000
202609042036,   0.867,   1.029,9999.000,9999.000,9999.000,9999.000,9999.000,9999.000,9999.000
202609042042,   0.864,   1.039,9999.000,9999.000,9999.000,9999.000,9999.000,9999.000,9999.000
202609042048,   0.861,   1.020,9999.000,9999.000,9999.000,9999.000,9999.000,9999.000,9999.000
202609042054,   0.858,   1.000,9999.000,9999.000,9999.000,9999.000,9999.000,9999.000,9999.000
202609042100,   0.854,   1.020,   0.100,   0.066,   1.020,   0.100,   1.020,   0.100,   1.020
202609042106,   0.851,   1.049,9999.000,9999.000,9999.000,9999.000,9999.000,9999.000,9999.000
202609042112,   0.847,   1.059,9999.000,9999.000,9999.000,9999.000,9999.000,9999.000,9999.000
202609042118,   0.843,   1.059,9999.000,9999.000,9999.000,9999.000,9999.000,9999.000,9999.000
202609042124,   0.839,   1.088,9999.000,9999.000,9999.000,9999.000,9999.000,9999.000,9999.000
202609042130,   0.834,   1.108,9999.000,9999.000,9999.000,9999.000,9999.000,9999.000,9999.000
202609042136,   0.830,   1.059,9999.000,9999.000,9999.000,9999.000,9999.000,9999.000,9999.000
202609042142,   0.825,   1.020,9999.000,9999.000,9999.000,9999.000,9999.000,9999.000,9999.000
202609042148,   0.820,   1.029,9999.000,9999.000,9999.000,9999.000,9999.000,9999.000,9999.000
202609042154,   0.815,   1.069,9999.000,9999.000,9999.000,9999.000,9999.000,9999.000,9999.000
202609042200,   0.810,   1.059,   0.100,   0.149,   1.059,   0.100,   1.059,   0.100,   1.059
202609042206,   0.805,   1.020,9999.000,9999.000,9999.000,9999.000,9999.000,9999.000,9999.000
202609042212,   0.800,   0.980,9999.000,9999.000,9999.000,9999.000,9999.000,9999.000,9999.000
202609042218,   0.795,   0.980,9999.000,9999.000,9999.000,9999.000,9999.000,9999.000,9999.000
202609042224,   0.789,   0.961,9999.000,9999.000,9999.000,9999.000,9999.000,9999.000,9999.000
202609042230,   0.784,   0.928,9999.000,9999.000,9999.000,9999.000,9999.000,9999.000,9999.000
202609042236,   0.778,   0.898,9999.000,9999.000,9999.000,9999.000,9999.000,9999.000,9999.000
202609042242,   0.772,   0.888,9999.000,9999.000,9999.000,9999.000,9999.000,9999.000,9999.000
202609042248,   0.766,   0.879,9999.000,9999.000,9999.000,9999.000,9999.000,9999.000,9999.000
202609042254,   0.760,   0.869,9999.000,9999.000,9999.000,9999.000,9999.000,9999.000,9999.000
202609042300,   0.754,   0.879,   0.100,   0.025,   0.879,   0.100,   0.879,   0.100,   0.879
202609042306,   0.748,   0.888,9999.000,9999.000,9999.000,9999.000,9999.000,9999.000,9999.000
202609042312,   0.742,   0.888,9999.000,9999.000,9999.000,9999.000,9999.000,9999.000,9999.000
202609042318,   0.736,   0.888,9999.000,9999.000,9999.000,9999.000,9999.000,9999.000,9999.000
202609042324,   0.730,   0.908,9999.000,9999.000,9999.000,9999.000,9999.000,9999.000,9999.000
202609042330,   0.724,   0.928,9999.000,9999.000,9999.000,9999.000,9999.000,9999.000,9999.000
202609042336,   0.718,   0.928,9999.000,9999.000,9999.000,9999.000,9999.000,9999.000,9999.000
202609042342,   0.712,   0.928,9999.000,9999.000,9999.000,9999.000,9999.000,9999.000,9999.000
202609042348,   0.705,   0.941,9999.000,9999.000,9999.000,9999.000,9999.000,9999.000,9999.000
202609042354,   0.699,   0.941,9999.000,9999.000,9999.000,9999.000,9999.000,9999.000,9999.000
202609050000,   0.693,   0.908,   0.000,   0.215,   0.908,   0.000,   0.908,   0.000,   0.908
202609050006,   0.687,   0.908,9999.000,9999.000,9999.000,9999.000,9999.000,9999.000,9999.000
202609050012,   0.681,   0.908,9999.000,9999.000,9999.000,9999.000,9999.000,9999.000,9999.000
202609050018,   0.675,   0.879,9999.000,9999.000,9999.000,9999.000,9999.000,9999.000,9999.000
202609050024,   0.668,   0.849,9999.000,9999.000,9999.000,9999.000,9999.000,9999.000,9999.000
202609050030,   0.662,   0.839,9999.000,9999.000,9999.000,9999.000,9999.000,9999.000,9999.000
202609050036,   0.656,   0.849,9999.000,9999.000,9999.000,9999.000,9999.000,9999.000,9999.000
202609050042,   0.650,   0.849,9999.000,9999.000,9999.000,9999.000,9999.000,9999.000,9999.000
202609050048,   0.644,   0.819,9999.000,9999.000,9999.000,9999.000,9999.000,9999.000,9999.000
202609050054,   0.638,   0.810,9999.000,9999.000,9999.000,9999.000,9999.000,9999.000,9999.000
202609050100,   0.633,   0.819,   0.000,   0.186,   0.819,   0.000,   0.819,   0.000,   0.819
202609050106,   0.627,   0.819,9999.000,9999.000,9999.000,9999.000,9999.000,9999.000,9999.000
202609050112,   0.621,   0.800,9999.000,9999.000,9999.000,9999.000,9999.000,9999.000,9999.000
202609050118,   0.615,   0.800,9999.000,9999.000,9999.000,9999.000,9999.000,9999.000,9999.000
202609050124,   0.609,   0.800,9999.000,9999.000,9999.000,9999.000,9999.000,9999.000,9999.000
202609050130,   0.604,   0.800,9999.000,9999.000,9999.000,9999.000,9999.000,9999.000,9999.000
202609050136,   0.598,   0.780,9999.000,9999.000,9999.000,9999.000,9999.000,9999.000,9999.000
202609050142,   0.592,   0.780,9999.000,9999.000,9999.000,9999.000,9999.000,9999.000,9999.000
202609050148,   0.587,   0.800,9999.000,9999.000,9999.000,9999.000,9999.000,9999.000,9999.000
202609050154,   0.581,   0.819,9999.000,9999.000,9999.000,9999.000,9999.000,9999.000,9999.000
202609050200,   0.576,   0.819,   0.000,   0.243,   0.819,   0.000,   0.819,   0.000,   0.819
202609050206,   0.570,   0.800,9999.000,9999.000,9999.000,9999.000,9999.000,9999.000,9999.000
202609050212,   0.565,   0.790,9999.000,9999.000,9999.000,9999.000,9999.000,9999.000,9999.000
202609050218,   0.559,   0.780,9999.000,9999.000,9999.000,9999.000,9999.000,9999.000,9999.000
202609050224,   0.554,   0.780,9999.000,9999.000,9999.000,9999.000,9999.000,9999.000,9999.000
202609050230,   0.549,   0.770,9999.000,9999.000,9999.000,9999.000,9999.000,9999.000,9999.000
202609050236,   0.543,   0.751,9999.000,9999.000,9999.000,9999.000,9999.000,9999.000,9999.000
202609050242,   0.538,   0.731,9999.000,9999.000,9999.000,9999.000,9999.000,9999.000,9999.000
202609050248,   0.533,   0.731,9999.000,9999.000,9999.000,9999.000,9999.000,9999.000,9999.000
202609050254,   0.528,   0.718,9999.000,9999.000,9999.000,9999.000,9999.000,9999.000,9999.000
202609050300,   0.522,   0.718,   0.000,   0.196,   0.718,   0.000,   0.718,   0.000,   0.718
202609050306,   0.517,   0.718,9999.000,9999.000,9999.000,9999.000,9999.000,9999.000,9999.000
202609050312,   0.512,   0.731,9999.000,9999.000,9999.000,9999.000,9999.000,9999.000,9999.000
202609050318,   0.507,   0.718,9999.000,9999.000,9999.000,9999.000,9999.000,9999.000,9999.000
202609050324,   0.502,   0.698,9999.000,9999.000,9999.000,9999.000,9999.000,9999.000,9999.000
202609050330,   0.497,   0.688,9999.000,9999.000,9999.000,9999.000,9999.000,9999.000,9999.000
202609050336,   0.492,   0.678,9999.000,9999.000,9999.000,9999.000,9999.000,9999.000,9999.000
202609050342,   0.487,   0.669,9999.000,9999.000,9999.000,9999.000,9999.000,9999.000,9999.000
202609050348,   0.482,   0.669,9999.000,9999.000,9999.000,9999.000,9999.000,9999.000,9999.000
202609050354,   0.477,   0.678,9999.000,9999.000,9999.000,9999.000,9999.000,9999.000,9999.000
202609050400,   0.473,   0.669,   0.000,   0.196,   0.669,   0.000,   0.669,   0.000,   0.669
202609050406,   0.468,   0.659,9999.000,9999.000,9999.000,9999.000,9999.000,9999.000,9999.000
202609050412,   0.463,   0.659,9999.000,9999.000,9999.000,9999.000,9999.000,9999.000,9999.000
202609050418,   0.459,   0.669,9999.000,9999.000,9999.000,9999.000,9999.000,9999.000,9999.000
202609050424,   0.454,   0.659,9999.000,9999.000,9999.000,9999.000,9999.000,9999.000,9999.000
202609050430,   0.450,   0.649,9999.000,9999.000,9999.000,9999.000,9999.000,9999.000,9999.000
202609050436,   0.446,   0.659,9999.000,9999.000,9999.000,9999.000,9999.000,9999.000,9999.000
202609050442,   0.441,   0.669,9999.000,9999.000,9999.000,9999.000,9999.000,9999.000,9999.000
202609050448,   0.437,   0.678,9999.000,9999.000,9999.000,9999.000,9999.000,9999.000,9999.000
202609050454,   0.433,   0.649,9999.000,9999.000,9999.000,9999.000,9999.000,9999.000,9999.000
202609050500,   0.430,   0.619,   0.000,   0.189,   0.619,   0.000,   0.619,   0.000,   0.619
202609050506,   0.426,   0.610,9999.000,9999.000,9999.000,9999.000,9999.000,9999.000,9999.000
202609050512,   0.422,   0.629,9999.000,9999.000,9999.000,9999.000,9999.000,9999.000,9999.000
202609050518,   0.419,   0.639,9999.000,9999.000,9999.000,9999.000,9999.000,9999.000,9999.000
202609050524,   0.416,   0.619,9999.000,9999.000,9999.000,9999.000,9999.000,9999.000,9999.000
202609050530,   0.412,   0.619,9999.000,9999.000,9999.000,9999.000,9999.000,9999.000,9999.000
202609050536,   0.409,   0.619,9999.000,9999.000,9999.000,9999.000,9999.000,9999.000,9999.000
202609050542,   0.407,   0.649,9999.000,9999.000,9999.000,9999.000,9999.000,9999.000,9999.000
202609050548,   0.404,   0.639,9999.000,9999.000,9999.000,9999.000,9999.000,9999.000,9999.000
202609050554,   0.401,   0.619,9999.000,9999.000,9999.000,9999.000,9999.000,9999.000,9999.000
202609050600,   0.399,   0.610,   0.100,   0.111,   0.610,   0.100,   0.610,   0.100,   0.610
202609050606,   0.397,   0.610,9999.000,9999.000,9999.000,9999.000,9999.000,9999.000,9999.000
202609050612,   0.395,   0.619,9999.000,9999.000,9999.000,9999.000,9999.000,9999.000,9999.000
202609050618,   0.393,   0.600,9999.000,9999.000,9999.000,9999.000,9999.000,9999.000,9999.000
202609050624,   0.392,   0.580,9999.000,9999.000,9999.000,9999.000,9999.000,9999.000,9999.000
202609050630,   0.391,   0.590,9999.000,9999.000,9999.000,9999.000,9999.000,9999.000,9999.000
202609050636,   0.389,   0.600,9999.000,9999.000,9999.000,9999.000,9999.000,9999.000,9999.000
202609050642,   0.388,   0.600,9999.000,9999.000,9999.000,9999.000,9999.000,9999.000,9999.000
202609050648,   0.388,   0.590,9999.000,9999.000,9999.000,9999.000,9999.000,9999.000,9999.000
202609050654,   0.387,   0.600,9999.000,9999.000,9999.000,9999.000,9999.000,9999.000,9999.000
202609050700,   0.387,   0.619,   0.100,   0.132,   0.619,   0.100,   0.619,   0.100,   0.619
202609050706,   0.387,   0.639,9999.000,9999.000,9999.000,9999.000,9999.000,9999.000,9999.000
202609050712,   0.387,   0.619,9999.000,9999.000,9999.000,9999.000,9999.000,9999.000,9999.000
202609050718,   0.387,   0.610,9999.000,9999.000,9999.000,9999.000,9999.000,9999.000,9999.000
202609050724,   0.387,   0.619,9999.000,9999.000,9999.000,9999.000,9999.000,9999.000,9999.000
202609050730,   0.388,   0.649,9999.000,9999.000,9999.000,9999.000,9999.000,9999.000,9999.000
202609050736,   0.389,   0.659,9999.000,9999.000,9999.000,9999.000,9999.000,9999.000,9999.000
202609050742,   0.390,   0.639,9999.000,9999.000,9999.000,9999.000,9999.000,9999.000,9999.000
202609050748,   0.391,   0.610,9999.000,9999.000,9999.000,9999.000,9999.000,9999.000,9999.000
202609050754,   0.392,   0.600,9999.000,9999.000,9999.000,9999.000,9999.000,9999.000,9999.000
202609050800,   0.394,   0.619,   0.100,   0.125,   0.619,   0.100,   0.619,   0.100,   0.619
202609050806,   0.396,   0.629,9999.000,9999.000,9999.000,9999.000,9999.000,9999.000,9999.000
202609050812,   0.398,   0.629,9999.000,9999.000,9999.000,9999.000,9999.000,9999.000,9999.000
202609050818,   0.400,   0.639,9999.000,9999.000,9999.000,9999.000,9999.000,9999.000,9999.000
202609050824,   0.402,   0.669,9999.000,9999.000,9999.000,9999.000,9999.000,9999.000,9999.000
202609050830,   0.404,   0.688,9999.000,9999.000,9999.000,9999.000,9999.000,9999.000,9999.000
202609050836,   0.407,   0.669,9999.000,9999.000,9999.000,9999.000,9999.000,9999.000,9999.000
202609050842,   0.409,   0.639,9999.000,9999.000,9999.000,9999.000,9999.000,9999.000,9999.000
202609050848,   0.412,   0.649,9999.000,9999.000,9999.000,9999.000,9999.000,9999.000,9999.000
202609050854,   0.415,   0.678,9999.000,9999.000,9999.000,9999.000,9999.000,9999.000,9999.000
202609050900,   0.418,   0.669,   0.100,   0.151,   0.669,   0.100,   0.669,   0.100,   0.669
202609050906,   0.421,   0.659,9999.000,9999.000,9999.000,9999.000,9999.000,9999.000,9999.000
202609050912,   0.424,   0.678,9999.000,9999.000,9999.000,9999.000,9999.000,9999.000,9999.000
202609050918,   0.428,   0.718,9999.000,9999.000,9999.000,9999.000,9999.000,9999.000,9999.000
202609050924,   0.431,   0.731,9999.000,9999.000,9999.000,9999.000,9999.000,9999.000,9999.000
202609050930,   0.435,   0.708,9999.000,9999.000,9999.000,9999.000,9999.000,9999.000,9999.000
202609050936,   0.438,   0.708,9999.000,9999.000,9999.000,9999.000,9999.000,9999.000,9999.000
202609050942,   0.442,   0.760,9999.000,9999.000,9999.000,9999.000,9999.000,9999.000,9999.000
202609050948,   0.446,   0.790,9999.000,9999.000,9999.000,9999.000,9999.000,9999.000,9999.000
202609050954,   0.450,   0.790,9999.000,9999.000,9999.000,9999.000,9999.000,9999.000,9999.000
202609051000,   0.454,   0.780,   0.100,   0.226,   0.780,   0.100,   0.780,   0.100,   0.780
202609051006,   0.458,   0.790,9999.000,9999.000,9999.000,9999.000,9999.000,9999.000,9999.000
202609051012,   0.462,   0.810,9999.000,9999.000,9999.000,9999.000,9999.000,9999.000,9999.000
202609051018,   0.467,   0.810,9999.000,9999.000,9999.000,9999.000,9999.000,9999.000,9999.000
202609051024,   0.471,   0.790,9999.000,9999.000,9999.000,9999.000,9999.000,9999.000,9999.000
202609051030,   0.476,   0.770,9999.000,9999.000,9999.000,9999.000,9999.000,9999.000,9999.000
202609051036,   0.480,   0.770,9999.000,9999.000,9999.000,9999.000,9999.000,9999.000,9999.000
202609051042,   0.485,   0.800,9999.000,9999.000,9999.000,9999.000,9999.000,9999.000,9999.000
202609051048,   0.489,   0.800,9999.000,9999.000,9999.000,9999.000,9999.000,9999.000,9999.000
202609051054,   0.494,   0.770,9999.000,9999.000,9999.000,9999.000,9999.000,9999.000,9999.000
202609051100,   0.499,   0.751,   0.100,   0.152,   0.751,   0.100,   0.751,   0.100,   0.751
202609051106,   0.504,   0.770,9999.000,9999.000,9999.000,9999.000,9999.000,9999.000,9999.000
202609051112,   0.509,   0.800,9999.000,9999.000,9999.000,9999.000,9999.000,9999.000,9999.000
202609051118,   0.514,   0.800,9999.000,9999.000,9999.000,9999.000,9999.000,9999.000,9999.000
202609051124,   0.519,   0.810,9999.000,9999.000,9999.000,9999.000,9999.000,9999.000,9999.000
202609051130,   0.525,   0.849,9999.000,9999.000,9999.000,9999.000,9999.000,9999.000,9999.000
202609051136,   0.530,   0.888,9999.000,9999.000,9999.000,9999.000,9999.000,9999.000,9999.000
202609051142,   0.535,   0.869,9999.000,9999.000,9999.000,9999.000,9999.000,9999.000,9999.000
202609051148,   0.541,   0.849,9999.000,9999.000,9999.000,9999.000,9999.000,9999.000,9999.000
202609051154,   0.546,   0.859,9999.000,9999.000,9999.000,9999.000,9999.000,9999.000,9999.000
202609051200,   0.552,   0.888,   0.200,   0.136,   0.888,   0.200,   0.888,   0.200,   0.888
202609051206,   0.558,   0.898,9999.000,9999.000,9999.000,9999.000,9999.000,9999.000,9999.000
202609051212,   0.564,   0.898,9999.000,9999.000,9999.000,9999.000,9999.000,9999.000,9999.000
202609051218,   0.569,   0.908,9999.000,9999.000,9999.000,9999.000,9999.000,9999.000,9999.000
202609051224,   0.575,   0.941,9999.000,9999.000,9999.000,9999.000,9999.000,9999.000,9999.000
202609051230,   0.581,   0.951,9999.000,9999.000,9999.000,9999.000,9999.000,9999.000,9999.000
202609051236,   0.587,   0.961,9999.000,9999.000,9999.000,9999.000,9999.000,9999.000,9999.000
202609051242,   0.593,   0.941,9999.000,9999.000,9999.000,9999.000,9999.000,9999.000,9999.000
202609051248,   0.600,   0.908,9999.000,9999.000,9999.000,9999.000,9999.000,9999.000,9999.000
202609051254,   0.606,   0.879,9999.000,9999.000,9999.000,9999.000,9999.000,9999.000,9999.000
202609051300,   0.612,   0.888,   0.200,   0.076,   0.888,   0.200,   0.888,   0.200,   0.888
202609051306,   0.618,   0.941,9999.000,9999.000,9999.000,9999.000,9999.000,9999.000,9999.000
202609051312,   0.625,   0.951,9999.000,9999.000,9999.000,9999.000,9999.000,9999.000,9999.000
202609051318,   0.631,   0.951,9999.000,9999.000,9999.000,9999.000,9999.000,9999.000,9999.000
202609051324,   0.637,   0.961,9999.000,9999.000,9999.000,9999.000,9999.000,9999.000,9999.000
202609051330,   0.644,   0.970,9999.000,9999.000,9999.000,9999.000,9999.000,9999.000,9999.000
202609051336,   0.650,   0.990,9999.000,9999.000,9999.000,9999.000,9999.000,9999.000,9999.000
202609051342,   0.656,   1.000,9999.000,9999.000,9999.000,9999.000,9999.000,9999.000,9999.000
202609051348,   0.663,   1.010,9999.000,9999.000,9999.000,9999.000,9999.000,9999.000,9999.000
202609051354,   0.669,   1.020,9999.000,9999.000,9999.000,9999.000,9999.000,9999.000,9999.000
202609051400,   0.676,   1.020,   0.200,   0.144,   1.020,   0.200,   1.020,   0.200,   1.020
202609051406,   0.682,   1.029,9999.000,9999.000,9999.000,9999.000,9999.000,9999.000,9999.000
202609051412,   0.688,   1.020,9999.000,9999.000,9999.000,9999.000,9999.000,9999.000,9999.000
202609051418,   0.695,   1.029,9999.000,9999.000,9999.000,9999.000,9999.000,9999.000,9999.000
202609051424,   0.701,   1.039,9999.000,9999.000,9999.000,9999.000,9999.000,9999.000,9999.000
202609051430,   0.707,   1.039,9999.000,9999.000,9999.000,9999.000,9999.000,9999.000,9999.000
202609051436,   0.714,   1.029,9999.000,9999.000,9999.000,9999.000,9999.000,9999.000,9999.000
202609051442,   0.720,   1.029,9999.000,9999.000,9999.000,9999.000,9999.000,9999.000,9999.000
202609051448,   0.726,   1.039,9999.000,9999.000,9999.000,9999.000,9999.000,9999.000,9999.000
202609051454,   0.732,   1.029,9999.000,9999.000,9999.000,9999.000,9999.000,9999.000,9999.000
202609051500,   0.738,   1.020,   0.200,   0.082,   1.020,   0.200,   1.020,   0.200,   1.020
202609051506,   0.744,   1.039,9999.000,9999.000,9999.000,9999.000,9999.000,9999.000,9999.000
202609051512,   0.750,   1.059,9999.000,9999.000,9999.000,9999.000,9999.000,9999.000,9999.000
202609051518,   0.756,   1.059,9999.000,9999.000,9999.000,9999.000,9999.000,9999.000,9999.000
202609051524,   0.762,   1.039,9999.000,9999.000,9999.000,9999.000,9999.000,9999.000,9999.000
202609051530,   0.767,   1.049,9999.000,9999.000,9999.000,9999.000,9999.000,9999.000,9999.000
202609051536,   0.773,   1.049,9999.000,9999.000,9999.000,9999.000,9999.000,9999.000,9999.000
202609051542,   0.779,   1.049,9999.000,9999.000,9999.000,9999.000,9999.000,9999.000,9999.000
202609051548,   0.784,   1.039,9999.000,9999.000,9999.000,9999.000,9999.000,9999.000,9999.000
202609051554,   0.789,   1.069,9999.000,9999.000,9999.000,9999.000,9999.000,9999.000,9999.000
202609051600,   0.795,   1.079,   0.200,   0.084,   1.079,   0.200,   1.079,   0.200,   1.079
202609051606,   0.800,   1.079,9999.000,9999.000,9999.000,9999.000,9999.000,9999.000,9999.000
202609051612,   0.805,   1.049,9999.000,9999.000,9999.000,9999.000,9999.000,9999.000,9999.000
202609051618,   0.810,   1.020,9999.000,9999.000,9999.000,9999.000,9999.000,9999.000,9999.000
202609051624,   0.815,   1.039,9999.000,9999.000,9999.000,9999.000,9999.000,9999.000,9999.000
202609051630,   0.819,   1.059,9999.000,9999.000,9999.000,9999.000,9999.000,9999.000,9999.000
202609051636,   0.824,   1.079,9999.000,9999.000,9999.000,9999.000,9999.000,9999.000,9999.000
202609051642,   0.829,   1.088,9999.000,9999.000,9999.000,9999.000,9999.000,9999.000,9999.000
202609051648,   0.833,   1.079,9999.000,9999.000,9999.000,9999.000,9999.000,9999.000,9999.000
202609051654,   0.838,   1.079,9999.000,9999.000,9999.000,9999.000,9999.000,9999.000,9999.000
202609051700,   0.842,   1.088,   0.200,   0.046,   1.088,   0.200,   1.088,   0.200,   1.088
202609051706,   0.846,   1.108,9999.000,9999.000,9999.000,9999.000,9999.000,9999.000,9999.000
202609051712,   0.850,   1.088,9999.000,9999.000,9999.000,9999.000,9999.000,9999.000,9999.000
202609051718,   0.854,   1.079,9999.000,9999.000,9999.000,9999.000,9999.000,9999.000,9999.000
202609051724,   0.858,   1.098,9999.000,9999.000,9999.000,9999.000,9999.000,9999.000,9999.000
202609051730,   0.862,   1.118,9999.000,9999.000,9999.000,9999.000,9999.000,9999.000,9999.000
202609051736,   0.865,   1.128,9999.000,9999.000,9999.000,9999.000,9999.000,9999.000,9999.000
202609051742,   0.869,   1.128,9999.000,9999.000,9999.000,9999.000,9999.000,9999.000,9999.000
202609051748,   0.872,   1.138,9999.000,9999.000,9999.000,9999.000,9999.000,9999.000,9999.000
202609051754,   0.876,   1.151,9999.000,9999.000,9999.000,9999.000,9999.000,9999.000,9999.000
202609051800,   0.879,   1.161,   0.200,   0.082,   1.161,   0.200,   1.161,   0.200,   1.161
202609051806,   0.882,   1.161,9999.000,9999.000,9999.000,9999.000,9999.000,9999.000,9999.000
202609051812,   0.885,   1.161,9999.000,9999.000,9999.000,9999.000,9999.000,9999.000,9999.000
202609051818,   0.888,   1.138,9999.000,9999.000,9999.000,9999.000,9999.000,9999.000,9999.000
202609051824,   0.891,   1.138,9999.000,9999.000,9999.000,9999.000,9999.000,9999.000,9999.000
202609051830,   0.893,   1.170,9999.000,9999.000,9999.000,9999.000,9999.000,9999.000,9999.000
202609051836,   0.896,   1.180,9999.000,9999.000,9999.000,9999.000,9999.000,9999.000,9999.000
202609051842,   0.898,   1.138,9999.000,9999.000,9999.000,9999.000,9999.000,9999.000,9999.000
202609051848,   0.900,   1.118,9999.000,9999.000,9999.000,9999.000,9999.000,9999.000,9999.000
202609051854,   0.903,   1.118,9999.000,9999.000,9999.000,9999.000,9999.000,9999.000,9999.000
202609051900,   0.905,   1.151,   0.200,   0.046,   1.151,   0.200,   1.151,   0.200,   1.151
202609051906,   0.906,   1.170,9999.000,9999.000,9999.000,9999.000,9999.000,9999.000,9999.000
202609051912,   0.908,   1.170,9999.000,9999.000,9999.000,9999.000,9999.000,9999.000,9999.000
202609051918,   0.910,   1.170,9999.000,9999.000,9999.000,9999.000,9999.000,9999.000,9999.000
202609051924,   0.911,   1.151,9999.000,9999.000,9999.000,9999.000,9999.000,9999.000,9999.000
202609051930,   0.912,   1.138,9999.000,9999.000,9999.000,9999.000,9999.000,9999.000,9999.000
202609051936,   0.913,   1.138,9999.000,9999.000,9999.000,9999.000,9999.000,9999.000,9999.000
202609051942,   0.914,   1.138,9999.000,9999.000,9999.000,9999.000,9999.000,9999.000,9999.000
202609051948,   0.915,   1.128,9999.000,9999.000,9999.000,9999.000,9999.000,9999.000,9999.000
202609051954,   0.916,   1.128,9999.000,9999.000,9999.000,9999.000,9999.000,9999.000,9999.000
202609052000,   0.916,   1.151,   0.200,   0.035,   1.151,   0.200,   1.151,   0.200,   1.151
202609052006,   0.916,   1.138,9999.000,9999.000,9999.000,9999.000,9999.000,9999.000,9999.000
202609052012,   0.916,   1.118,9999.000,9999.000,9999.000,9999.000,9999.000,9999.000,9999.000
202609052018,   0.916,   1.118,9999.000,9999.000,9999.000,9999.000,9999.000,9999.000,9999.000
202609052024,   0.915,   1.138,9999.000,9999.000,9999.000,9999.000,9999.000,9999.000,9999.000
202609052030,   0.915,   1.138,9999.000,9999.000,9999.000,9999.000,9999.000,9999.000,9999.000
202609052036,   0.914,   1.118,9999.000,9999.000,9999.000,9999.000,9999.000,9999.000,9999.000
202609052042,   0.913,   1.108,9999.000,9999.000,9999.000,9999.000,9999.000,9999.000,9999.000
202609052048,   0.912,   1.098,9999.000,9999.000,9999.000,9999.000,9999.000,9999.000,9999.000
202609052054,   0.911,   1.098,9999.000,9999.000,9999.000,9999.000,9999.000,9999.000,9999.000
202609052100,   0.909,   1.098,   0.200,  -0.011,   1.098,   0.200,   1.098,   0.200,   1.098
202609052106,   0.907,   1.098,9999.000,9999.000,9999.000,9999.000,9999.000,9999.000,9999.000
202609052112,   0.905,   1.079,9999.000,9999.000,9999.000,9999.000,9999.000,9999.000,9999.000
202609052118,   0.903,   1.059,9999.000,9999.000,9999.000,9999.000,9999.000,9999.000,9999.000
202609052124,   0.901,   1.069,9999.000,9999.000,9999.000,9999.000,9999.000,9999.000,9999.000
202609052130,   0.898,   1.088,9999.000,9999.000,9999.000,9999.000,9999.000,9999.000,9999.000
202609052136,   0.895,   1.079,9999.000,9999.000,9999.000,9999.000,9999.000,9999.000,9999.000
202609052142,   0.892,   1.059,9999.000,9999.000,9999.000,9999.000,9999.000,9999.000,9999.000
202609052148,   0.889,   1.049,9999.000,9999.000,9999.000,9999.000,9999.000,9999.000,9999.000
202609052154,   0.886,   1.069,9999.000,9999.000,9999.000,9999.000,9999.000,9999.000,9999.000
202609052200,   0.882,   1.098,   0.200,   0.016,   1.098,   0.200,   1.098,   0.200,   1.098
202609052206,   0.878,   1.079,9999.000,9999.000,9999.000,9999.000,9999.000,9999.000,9999.000
202609052212,   0.874,   1.049,9999.000,9999.000,9999.000,9999.000,9999.000,9999.000,9999.000
202609052218,   0.870,   1.020,9999.000,9999.000,9999.000,9999.000,9999.000,9999.000,9999.000
202609052224,   0.866,   1.020,9999.000,9999.000,9999.000,9999.000,9999.000,9999.000,9999.000
202609052230,   0.862,   0.970,9999.000,9999.000,9999.000,9999.000,9999.000,9999.000,9999.000
202609052236,   0.857,   0.941,9999.000,9999.000,9999.000,9999.000,9999.000,9999.000,9999.000
202609052242,   0.852,   0.888,9999.000,9999.000,9999.000,9999.000,9999.000,9999.000,9999.000
202609052248,   0.848,   0.941,9999.000,9999.000,9999.000,9999.000,9999.000,9999.000,9999.000
202609052254,   0.843,   0.961,9999.000,9999.000,9999.000,9999.000,9999.000,9999.000,9999.000
202609052300,   0.838,   0.898,   0.200,  -0.140,   0.898,   0.200,   0.898,   0.200,   0.898
202609052306,   0.832,   0.849,9999.000,9999.000,9999.000,9999.000,9999.000,9999.000,9999.000
202609052312,   0.827,   0.898,9999.000,9999.000,9999.000,9999.000,9999.000,9999.000,9999.000
202609052318,   0.822,   0.941,9999.000,9999.000,9999.000,9999.000,9999.000,9999.000,9999.000
202609052324,   0.816,   0.918,9999.000,9999.000,9999.000,9999.000,9999.000,9999.000,9999.000
202609052330,   0.811,   0.888,9999.000,9999.000,9999.000,9999.000,9999.000,9999.000,9999.000
202609052336,   0.805,   0.941,9999.000,9999.000,9999.000,9999.000,9999.000,9999.000,9999.000
202609052342,   0.800,   0.928,9999.000,9999.000,9999.000,9999.000,9999.000,9999.000,9999.000
202609052348,   0.794,   0.888,9999.000,9999.000,9999.000,9999.000,9999.000,9999.000,9999.000
202609052354,   0.788,   0.908,9999.000,9999.000,9999.000,9999.000,9999.000,9999.000,9999.000
202609060000,   0.782,   0.928,   0.100,   0.046,   0.928,   0.000,   0.828,   0.100,   0.928
202609060006,   0.776,   0.888,9999.000,9999.000,9999.000,9999.000,9999.000,9999.000,9999.000
202609060012,   0.770,   0.849,9999.000,9999.000,9999.000,9999.000,9999.000,9999.000,9999.000
202609060018,   0.764,   0.859,9999.000,9999.000,9999.000,9999.000,9999.000,9999.000,9999.000
202609060024,   0.758,   0.908,9999.000,9999.000,9999.000,9999.000,9999.000,9999.000,9999.000
202609060030,   0.752,   0.941,9999.000,9999.000,9999.000,9999.000,9999.000,9999.000,9999.000
202609060036,   0.746,   0.918,9999.000,9999.000,9999.000,9999.000,9999.000,9999.000,9999.000
202609060042,   0.740,   0.941,9999.000,9999.000,9999.000,9999.000,9999.000,9999.000,9999.000
202609060048,   0.734,   0.990,9999.000,9999.000,9999.000,9999.000,9999.000,9999.000,9999.000
202609060054,   0.728,   1.029,9999.000,9999.000,9999.000,9999.000,9999.000,9999.000,9999.000
202609060100,   0.722,   0.970,   0.000,   0.248,   0.970,   0.000,   0.970,   0.100,   1.070
202609060106,   0.716,   0.888,9999.000,9999.000,9999.000,9999.000,9999.000,9999.000,9999.000
202609060112,   0.710,   0.839,9999.000,9999.000,9999.000,9999.000,9999.000,9999.000,9999.000
202609060118,   0.704,   0.859,9999.000,9999.000,9999.000,9999.000,9999.000,9999.000,9999.000
202609060124,   0.697,   0.839,9999.000,9999.000,9999.000,9999.000,9999.000,9999.000,9999.000
202609060130,   0.691,   0.829,9999.000,9999.000,9999.000,9999.000,9999.000,9999.000,9999.000
202609060136,   0.685,   0.810,9999.000,9999.000,9999.000,9999.000,9999.000,9999.000,9999.000
202609060142,   0.679,   0.839,9999.000,9999.000,9999.000,9999.000,9999.000,9999.000,9999.000
202609060148,   0.673,   0.869,9999.000,9999.000,9999.000,9999.000,9999.000,9999.000,9999.000
202609060154,   0.666,   0.869,9999.000,9999.000,9999.000,9999.000,9999.000,9999.000,9999.000
202609060200,   0.660,   0.800,   0.000,   0.140,   0.800,   0.000,   0.800,   0.100,   0.900
202609060206,   0.654,   0.780,9999.000,9999.000,9999.000,9999.000,9999.000,9999.000,9999.000
202609060212,   0.648,   0.780,9999.000,9999.000,9999.000,9999.000,9999.000,9999.000,9999.000
202609060218,   0.642,   0.810,9999.000,9999.000,9999.000,9999.000,9999.000,9999.000,9999.000
202609060224,   0.635,   0.810,9999.000,9999.000,9999.000,9999.000,9999.000,9999.000,9999.000
202609060230,   0.629,   0.780,9999.000,9999.000,9999.000,9999.000,9999.000,9999.000,9999.000
202609060236,   0.623,   0.770,9999.000,9999.000,9999.000,9999.000,9999.000,9999.000,9999.000
202609060242,   0.617,   0.800,9999.000,9999.000,9999.000,9999.000,9999.000,9999.000,9999.000
202609060248,   0.610,   0.819,9999.000,9999.000,9999.000,9999.000,9999.000,9999.000,9999.000
202609060254,   0.604,   0.790,9999.000,9999.000,9999.000,9999.000,9999.000,9999.000,9999.000
202609060300,   0.598,   0.741,   0.000,   0.143,   0.741,   0.000,   0.741,   0.100,   0.841
202609060306,   0.591,   0.741,9999.000,9999.000,9999.000,9999.000,9999.000,9999.000,9999.000
202609060312,   0.585,   0.790,9999.000,9999.000,9999.000,9999.000,9999.000,9999.000,9999.000
202609060318,   0.579,   0.839,9999.000,9999.000,9999.000,9999.000,9999.000,9999.000,9999.000
202609060324,   0.573,   0.810,9999.000,9999.000,9999.000,9999.000,9999.000,9999.000,9999.000
202609060330,   0.566,   0.741,9999.000,9999.000,9999.000,9999.000,9999.000,9999.000,9999.000
202609060336,   0.560,   0.718,9999.000,9999.000,9999.000,9999.000,9999.000,9999.000,9999.000
202609060342,   0.554,   0.741,9999.000,9999.000,9999.000,9999.000,9999.000,9999.000,9999.000
202609060348,   0.548,   0.760,9999.000,9999.000,9999.000,9999.000,9999.000,9999.000,9999.000
202609060354,   0.541,   0.751,9999.000,9999.000,9999.000,9999.000,9999.000,9999.000,9999.000
202609060400,   0.535,   0.698,   0.000,   0.163,   0.698,   0.000,   0.698,   0.100,   0.798
202609060406,   0.529,   0.669,9999.000,9999.000,9999.000,9999.000,9999.000,9999.000,9999.000
202609060412,   0.523,   0.669,9999.000,9999.000,9999.000,9999.000,9999.000,9999.000,9999.000
202609060418,   0.517,   0.678,9999.000,9999.000,9999.000,9999.000,9999.000,9999.000,9999.000
202609060424,   0.511,   0.678,9999.000,9999.000,9999.000,9999.000,9999.000,9999.000,9999.000
202609060430,   0.505,   0.659,9999.000,9999.000,9999.000,9999.000,9999.000,9999.000,9999.000
202609060436,   0.499,   0.659,9999.000,9999.000,9999.000,9999.000,9999.000,9999.000,9999.000
202609060442,   0.493,   0.669,9999.000,9999.000,9999.000,9999.000,9999.000,9999.000,9999.000
202609060448,   0.487,   0.639,9999.000,9999.000,9999.000,9999.000,9999.000,9999.000,9999.000
202609060454,   0.482,   0.619,9999.000,9999.000,9999.000,9999.000,9999.000,9999.000,9999.000
202609060500,   0.476,   0.629,   0.000,   0.153,   0.629,   0.000,   0.629,   0.100,   0.729
202609060506,   0.471,   0.649,9999.000,9999.000,9999.000,9999.000,9999.000,9999.000,9999.000
202609060512,   0.465,   0.610,9999.000,9999.000,9999.000,9999.000,9999.000,9999.000,9999.000
202609060518,   0.460,   0.590,9999.000,9999.000,9999.000,9999.000,9999.000,9999.000,9999.000
202609060524,   0.455,   0.600,9999.000,9999.000,9999.000,9999.000,9999.000,9999.000,9999.000
202609060530,   0.450,   0.619,9999.000,9999.000,9999.000,9999.000,9999.000,9999.000,9999.000
202609060536,   0.445,   0.600,9999.000,9999.000,9999.000,9999.000,9999.000,9999.000,9999.000
202609060542,   0.441,   0.580,9999.000,9999.000,9999.000,9999.000,9999.000,9999.000,9999.000
202609060548,   0.436,   0.570,9999.000,9999.000,9999.000,9999.000,9999.000,9999.000,9999.000
202609060554,   0.432,   0.590,9999.000,9999.000,9999.000,9999.000,9999.000,9999.000,9999.000
202609060600,   0.428,   0.590,   0.000,   0.162,   0.590,   0.000,   0.590,   0.000,   0.590
202609060606,   0.424,   0.590,9999.000,9999.000,9999.000,9999.000,9999.000,9999.000,9999.000
202609060612,   0.420,   0.600,9999.000,9999.000,9999.000,9999.000,9999.000,9999.000,9999.000
202609060618,   0.416,   0.610,9999.000,9999.000,9999.000,9999.000,9999.000,9999.000,9999.000
202609060624,   0.413,   0.600,9999.000,9999.000,9999.000,9999.000,9999.000,9999.000,9999.000
202609060630,   0.410,   0.560,9999.000,9999.000,9999.000,9999.000,9999.000,9999.000,9999.000
202609060636,   0.407,   0.551,9999.000,9999.000,9999.000,9999.000,9999.000,9999.000,9999.000
202609060642,   0.404,   0.560,9999.000,9999.000,9999.000,9999.000,9999.000,9999.000,9999.000
202609060648,   0.401,   0.590,9999.000,9999.000,9999.000,9999.000,9999.000,9999.000,9999.000
202609060654,   0.398,   0.570,9999.000,9999.000,9999.000,9999.000,9999.000,9999.000,9999.000
202609060700,   0.396,   0.518,   0.000,   0.122,   0.518,   0.000,   0.518,   0.000,   0.518
202609060706,   0.394,   0.488,9999.000,9999.000,9999.000,9999.000,9999.000,9999.000,9999.000
202609060712,   0.392,   0.508,9999.000,9999.000,9999.000,9999.000,9999.000,9999.000,9999.000
202609060718,   0.391,   0.531,9999.000,9999.000,9999.000,9999.000,9999.000,9999.000,9999.000
202609060724,   0.389,   0.508,9999.000,9999.000,9999.000,9999.000,9999.000,9999.000,9999.000
202609060730,   0.388,   0.488,9999.000,9999.000,9999.000,9999.000,9999.000,9999.000,9999.000
202609060736,   0.387,   0.498,9999.000,9999.000,9999.000,9999.000,9999.000,9999.000,9999.000
202609060742,   0.386,   0.518,9999.000,9999.000,9999.000,9999.000,9999.000,9999.000,9999.000
202609060748,   0.385,   0.541,9999.000,9999.000,9999.000,9999.000,9999.000,9999.000,9999.000
202609060754,   0.385,   0.518,9999.000,9999.000,9999.000,9999.000,9999.000,9999.000,9999.000
202609060800,   0.384,   0.488,   0.000,   0.104,   0.488,   0.000,   0.488,   0.000,   0.488
202609060806,   0.384,   0.488,9999.000,9999.000,9999.000,9999.000,9999.000,9999.000,9999.000
202609060812,   0.384,   0.508,9999.000,9999.000,9999.000,9999.000,9999.000,9999.000,9999.000
202609060818,   0.384,   0.531,9999.000,9999.000,9999.000,9999.000,9999.000,9999.000,9999.000
202609060824,   0.385,   0.508,9999.000,9999.000,9999.000,9999.000,9999.000,9999.000,9999.000
202609060830,   0.385,   0.498,9999.000,9999.000,9999.000,9999.000,9999.000,9999.000,9999.000
202609060836,   0.386,   0.518,9999.000,9999.000,9999.000,9999.000,9999.000,9999.000,9999.000
202609060842,   0.387,   0.518,9999.000,9999.000,9999.000,9999.000,9999.000,9999.000,9999.000
202609060848,   0.388,   0.508,9999.000,9999.000,9999.000,9999.000,9999.000,9999.000,9999.000
202609060854,   0.389,   0.508,9999.000,9999.000,9999.000,9999.000,9999.000,9999.000,9999.000
202609060900,   0.390,   0.508,   0.000,   0.118,   0.508,   0.000,   0.508,   0.000,   0.508
202609060906,   0.392,   0.498,9999.000,9999.000,9999.000,9999.000,9999.000,9999.000,9999.000
202609060912,   0.394,   0.488,9999.000,9999.000,9999.000,9999.000,9999.000,9999.000,9999.000
202609060918,   0.395,   0.478,9999.000,9999.000,9999.000,9999.000,9999.000,9999.000,9999.000
202609060924,   0.397,   0.478,9999.000,9999.000,9999.000,9999.000,9999.000,9999.000,9999.000
202609060930,   0.399,   0.478,9999.000,9999.000,9999.000,9999.000,9999.000,9999.000,9999.000
202609060936,   0.401,   0.459,9999.000,9999.000,9999.000,9999.000,9999.000,9999.000,9999.000
202609060942,   0.404,   0.469,9999.000,9999.000,9999.000,9999.000,9999.000,9999.000,9999.000
202609060948,   0.406,   0.469,9999.000,9999.000,9999.000,9999.000,9999.000,9999.000,9999.000
202609060954,   0.409,   0.488,9999.000,9999.000,9999.000,9999.000,9999.000,9999.000,9999.000
202609061000,   0.411,   0.488,   0.000,   0.077,   0.488,   0.000,   0.488,   0.000,   0.488
202609061006,   0.414,   0.488,9999.000,9999.000,9999.000,9999.000,9999.000,9999.000,9999.000
202609061012,   0.417,   0.488,9999.000,9999.000,9999.000,9999.000,9999.000,9999.000,9999.000
202609061018,   0.420,   0.498,9999.000,9999.000,9999.000,9999.000,9999.000,9999.000,9999.000
202609061024,   0.423,   0.508,9999.000,9999.000,9999.000,9999.000,9999.000,9999.000,9999.000
202609061030,   0.426,   0.508,9999.000,9999.000,9999.000,9999.000,9999.000,9999.000,9999.000
202609061036,   0.430,   0.488,9999.000,9999.000,9999.000,9999.000,9999.000,9999.000,9999.000
202609061042,   0.433,   0.498,9999.000,9999.000,9999.000,9999.000,9999.000,9999.000,9999.000
202609061048,   0.437,   0.518,9999.000,9999.000,9999.000,9999.000,9999.000,9999.000,9999.000
202609061054,   0.441,   0.531,9999.000,9999.000,9999.000,9999.000,9999.000,9999.000,9999.000
202609061100,   0.444,   0.551,   0.000,   0.107,   0.551,   0.000,   0.551,   0.000,   0.551
202609061106,   0.448,   0.570,9999.000,9999.000,9999.000,9999.000,9999.000,9999.000,9999.000
202609061112,   0.452,   0.600,9999.000,9999.000,9999.000,9999.000,9999.000,9999.000,9999.000
202609061118,   0.457,   0.590,9999.000,9999.000,9999.000,9999.000,9999.000,9999.000,9999.000
202609061124,   0.461,   0.580,9999.000,9999.000,9999.000,9999.000,9999.000,9999.000,9999.000
202609061130,   0.465,   0.600,9999.000,9999.000,9999.000,9999.000,9999.000,9999.000,9999.000
202609061136,   0.470,   0.629,9999.000,9999.000,9999.000,9999.000,9999.000,9999.000,9999.000
202609061142,   0.474,   0.619,9999.000,9999.000,9999.000,9999.000,9999.000,9999.000,9999.000
202609061148,   0.479,   0.590,9999.000,9999.000,9999.000,9999.000,9999.000,9999.000,9999.000
202609061154,   0.484,   0.580,9999.000,9999.000,9999.000,9999.000,9999.000,9999.000,9999.000
202609061200,   0.489,   0.560,   0.000,   0.071,   0.560,   0.000,   0.560,   0.000,   0.560
202609061206,   0.494,   0.551,9999.000,9999.000,9999.000,9999.000,9999.000,9999.000,9999.000
202609061212,   0.499,   0.551,9999.000,9999.000,9999.000,9999.000,9999.000,9999.000,9999.000
202609061218,   0.504,   0.560,9999.000,9999.000,9999.000,9999.000,9999.000,9999.000,9999.000
202609061224,   0.510,   0.580,9999.000,9999.000,9999.000,9999.000,9999.000,9999.000,9999.000
202609061230,   0.515,   0.610,9999.000,9999.000,9999.000,9999.000,9999.000,9999.000,9999.000
202609061236,   0.520,   0.629,9999.000,9999.000,9999.000,9999.000,9999.000,9999.000,9999.000
202609061242,   0.526,   0.629,9999.000,9999.000,9999.000,9999.000,9999.000,9999.000,9999.000
202609061248,   0.532,   0.649,9999.000,9999.000,9999.000,9999.000,9999.000,9999.000,9999.000
202609061254,   0.538,   0.669,9999.000,9999.000,9999.000,9999.000,9999.000,9999.000,9999.000
202609061300,   0.543,   0.678,   0.000,   0.135,   0.678,   0.000,   0.678,   0.000,   0.678
202609061306,   0.549,   0.678,9999.000,9999.000,9999.000,9999.000,9999.000,9999.000,9999.000
202609061312,   0.555,   0.669,9999.000,9999.000,9999.000,9999.000,9999.000,9999.000,9999.000
202609061318,   0.561,   0.669,9999.000,9999.000,9999.000,9999.000,9999.000,9999.000,9999.000
202609061324,   0.568,   0.678,9999.000,9999.000,9999.000,9999.000,9999.000,9999.000,9999.000
202609061330,   0.574,   0.678,9999.000,9999.000,9999.000,9999.000,9999.000,9999.000,9999.000
202609061336,   0.580,   0.678,9999.000,9999.000,9999.000,9999.000,9999.000,9999.000,9999.000
202609061342,   0.586,   0.688,9999.000,9999.000,9999.000,9999.000,9999.000,9999.000,9999.000
202609061348,   0.593,   0.708,9999.000,9999.000,9999.000,9999.000,9999.000,9999.000,9999.000
202609061354,   0.599,   0.731,9999.000,9999.000,9999.000,9999.000,9999.000,9999.000,9999.000
202609061400,   0.605,   0.718,   0.000,   0.113,   0.718,   0.000,   0.718,   0.000,   0.718
202609061406,   0.612,   0.718,9999.000,9999.000,9999.000,9999.000,9999.000,9999.000,9999.000
202609061412,   0.618,   0.718,9999.000,9999.000,9999.000,9999.000,9999.000,9999.000,9999.000
202609061418,   0.625,   0.741,9999.000,9999.000,9999.000,9999.000,9999.000,9999.000,9999.000
202609061424,   0.631,   0.741,9999.000,9999.000,9999.000,9999.000,9999.000,9999.000,9999.000
202609061430,   0.638,   0.741,9999.000,9999.000,9999.000,9999.000,9999.000,9999.000,9999.000
202609061436,   0.644,   0.741,9999.000,9999.000,9999.000,9999.000,9999.000,9999.000,9999.000
202609061442,   0.650,   0.751,9999.000,9999.000,9999.000,9999.000,9999.000,9999.000,9999.000
202609061448,   0.657,   0.751,9999.000,9999.000,9999.000,9999.000,9999.000,9999.000,9999.000
202609061454,   0.663,   0.751,9999.000,9999.000,9999.000,9999.000,9999.000,9999.000,9999.000
202609061500,   0.670,   0.760,   0.000,   0.090,   0.760,   0.000,   0.760,   0.000,   0.760
202609061506,   0.676,   0.770,9999.000,9999.000,9999.000,9999.000,9999.000,9999.000,9999.000
202609061512,   0.682,   0.780,9999.000,9999.000,9999.000,9999.000,9999.000,9999.000,9999.000
202609061518,   0.689,   0.770,9999.000,9999.000,9999.000,9999.000,9999.000,9999.000,9999.000
202609061524,   0.695,   0.760,9999.000,9999.000,9999.000,9999.000,9999.000,9999.000,9999.000
202609061530,   0.701,   0.760,9999.000,9999.000,9999.000,9999.000,9999.000,9999.000,9999.000
202609061536,   0.707,   0.790,9999.000,9999.000,9999.000,9999.000,9999.000,9999.000,9999.000
202609061542,   0.713,   0.790,9999.000,9999.000,9999.000,9999.000,9999.000,9999.000,9999.000
202609061548,   0.720,   0.790,9999.000,9999.000,9999.000,9999.000,9999.000,9999.000,9999.000
202609061554,   0.726,   0.800,9999.000,9999.000,9999.000,9999.000,9999.000,9999.000,9999.000
202609061600,   0.732,   0.810,   0.000,   0.078,   0.810,   0.000,   0.810,   0.000,   0.810
202609061606,   0.738,   0.810,9999.000,9999.000,9999.000,9999.000,9999.000,9999.000,9999.000
202609061612,   0.744,   0.810,9999.000,9999.000,9999.000,9999.000,9999.000,9999.000,9999.000
202609061618,   0.749,   0.819,9999.000,9999.000,9999.000,9999.000,9999.000,9999.000,9999.000
202609061624,   0.755,   0.839,9999.000,9999.000,9999.000,9999.000,9999.000,9999.000,9999.000
202609061630,   0.761,   0.829,9999.000,9999.000,9999.000,9999.000,9999.000,9999.000,9999.000
202609061636,   0.767,   0.819,9999.000,9999.000,9999.000,9999.000,9999.000,9999.000,9999.000
202609061642,   0.772,   0.829,9999.000,9999.000,9999.000,9999.000,9999.000,9999.000,9999.000
202609061648,   0.778,   0.849,9999.000,9999.000,9999.000,9999.000,9999.000,9999.000,9999.000
202609061654,   0.784,   0.849,9999.000,9999.000,9999.000,9999.000,9999.000,9999.000,9999.000
202609061700,   0.789,   0.839,   0.000,   0.050,   0.839,   0.000,   0.839,   0.000,   0.839
202609061706,   0.795,   0.859,9999.000,9999.000,9999.000,9999.000,9999.000,9999.000,9999.000
202609061712,   0.800,   0.879,9999.000,9999.000,9999.000,9999.000,9999.000,9999.000,9999.000
202609061718,   0.805,   0.879,9999.000,9999.000,9999.000,9999.000,9999.000,9999.000,9999.000
202609061724,   0.811,   0.859,9999.000,9999.000,9999.000,9999.000,9999.000,9999.000,9999.000
202609061730,   0.816,   0.849,9999.000,9999.000,9999.000,9999.000,9999.000,9999.000,9999.000
202609061736,   0.821,   0.869,9999.000,9999.000,9999.000,9999.000,9999.000,9999.000,9999.000
202609061742,   0.826,   0.869,9999.000,9999.000,9999.000,9999.000,9999.000,9999.000,9999.000
202609061748,   0.831,   0.869,9999.000,9999.000,9999.000,9999.000,9999.000,9999.000,9999.000
202609061754,   0.836,   0.879,9999.000,9999.000,9999.000,9999.000,9999.000,9999.000,9999.000
202609061800,   0.841,   0.879,   0.000,   0.038,   0.879,   0.000,   0.879,   0.000,   0.879
202609061806,   0.846,   0.869,9999.000,9999.000,9999.000,9999.000,9999.000,9999.000,9999.000
202609061812,   0.851,   0.859,9999.000,9999.000,9999.000,9999.000,9999.000,9999.000,9999.000
202609061818,   0.855,   0.869,9999.000,9999.000,9999.000,9999.000,9999.000,9999.000,9999.000
202609061824,   0.860,   0.869,9999.000,9999.000,9999.000,9999.000,9999.000,9999.000,9999.000
202609061830,   0.864,   0.879,9999.000,9999.000,9999.000,9999.000,9999.000,9999.000,9999.000
202609061836,   0.869,   0.879,9999.000,9999.000,9999.000,9999.000,9999.000,9999.000,9999.000
202609061842,   0.873,   0.888,9999.000,9999.000,9999.000,9999.000,9999.000,9999.000,9999.000
202609061848,   0.877,   0.888,9999.000,9999.000,9999.000,9999.000,9999.000,9999.000,9999.000
202609061854,   0.882,   0.888,9999.000,9999.000,9999.000,9999.000,9999.000,9999.000,9999.000
202609061900,   0.886,   0.908,   0.000,   0.022,   0.908,   0.000,   0.908,   0.000,   0.908
202609061906,   0.889,   0.918,9999.000,9999.000,9999.000,9999.000,9999.000,9999.000,9999.000
202609061912,   0.893,   0.918,9999.000,9999.000,9999.000,9999.000,9999.000,9999.000,9999.000
202609061918,   0.897,   0.908,9999.000,9999.000,9999.000,9999.000,9999.000,9999.000,9999.000
202609061924,   0.900,   0.918,9999.000,9999.000,9999.000,9999.000,9999.000,9999.000,9999.000
202609061930,   0.904,   0.928,9999.000,9999.000,9999.000,9999.000,9999.000,9999.000,9999.000
202609061936,   0.907,   0.908,9999.000,9999.000,9999.000,9999.000,9999.000,9999.000,9999.000
202609061942,   0.910,   0.888,9999.000,9999.000,9999.000,9999.000,9999.000,9999.000,9999.000
202609061948,   0.913,   0.898,9999.000,9999.000,9999.000,9999.000,9999.000,9999.000,9999.000
202609061954,   0.916,   0.908,9999.000,9999.000,9999.000,9999.000,9999.000,9999.000,9999.000
202609062000,   0.919,   0.888,   0.000,  -0.031,   0.888,   0.000,   0.888,   0.000,   0.888
202609062006,   0.921,   0.879,9999.000,9999.000,9999.000,9999.000,9999.000,9999.000,9999.000
202609062012,   0.923,   0.898,9999.000,9999.000,9999.000,9999.000,9999.000,9999.000,9999.000
202609062018,   0.925,   0.908,9999.000,9999.000,9999.000,9999.000,9999.000,9999.000,9999.000
202609062024,   0.927,   0.918,9999.000,9999.000,9999.000,9999.000,9999.000,9999.000,9999.000
202609062030,   0.929,   0.918,9999.000,9999.000,9999.000,9999.000,9999.000,9999.000,9999.000
202609062036,   0.930,   0.908,9999.000,9999.000,9999.000,9999.000,9999.000,9999.000,9999.000
202609062042,   0.931,   0.928,9999.000,9999.000,9999.000,9999.000,9999.000,9999.000,9999.000
202609062048,   0.932,   0.918,9999.000,9999.000,9999.000,9999.000,9999.000,9999.000,9999.000
202609062054,   0.933,   0.898,9999.000,9999.000,9999.000,9999.000,9999.000,9999.000,9999.000
202609062100,   0.934,   0.908,   0.000,  -0.026,   0.908,   0.000,   0.908,   0.000,   0.908
202609062106,   0.934,   0.918,9999.000,9999.000,9999.000,9999.000,9999.000,9999.000,9999.000
202609062112,   0.934,   0.908,9999.000,9999.000,9999.000,9999.000,9999.000,9999.000,9999.000
202609062118,   0.934,   0.898,9999.000,9999.000,9999.000,9999.000,9999.000,9999.000,9999.000
202609062124,   0.934,   0.908,9999.000,9999.000,9999.000,9999.000,9999.000,9999.000,9999.000
202609062130,   0.934,   0.918,9999.000,9999.000,9999.000,9999.000,9999.000,9999.000,9999.000
202609062136,   0.933,   0.918,9999.000,9999.000,9999.000,9999.000,9999.000,9999.000,9999.000
202609062142,   0.932,   0.918,9999.000,9999.000,9999.000,9999.000,9999.000,9999.000,9999.000
202609062148,   0.931,   0.908,9999.000,9999.000,9999.000,9999.000,9999.000,9999.000,9999.000
202609062154,   0.929,   0.908,9999.000,9999.000,9999.000,9999.000,9999.000,9999.000,9999.000
202609062200,   0.928,   0.898,   0.000,  -0.030,   0.898,   0.000,   0.898,   0.000,   0.898
202609062206,   0.926,   0.879,9999.000,9999.000,9999.000,9999.000,9999.000,9999.000,9999.000
202609062212,   0.924,   0.859,9999.000,9999.000,9999.000,9999.000,9999.000,9999.000,9999.000
202609062218,   0.922,   0.879,9999.000,9999.000,9999.000,9999.000,9999.000,9999.000,9999.000
202609062224,   0.919,   0.898,9999.000,9999.000,9999.000,9999.000,9999.000,9999.000,9999.000
202609062230,   0.917,   0.859,9999.000,9999.000,9999.000,9999.000,9999.000,9999.000,9999.000
202609062236,   0.914,   0.839,9999.000,9999.000,9999.000,9999.000,9999.000,9999.000,9999.000
202609062242,   0.911,   0.839,9999.000,9999.000,9999.000,9999.000,9999.000,9999.000,9999.000
202609062248,   0.908,   0.849,9999.000,9999.000,9999.000,9999.000,9999.000,9999.000,9999.000
202609062254,   0.905,   0.839,9999.000,9999.000,9999.000,9999.000,9999.000,9999.000,9999.000
202609062300,   0.901,   0.829,   0.000,  -0.072,   0.829,   0.000,   0.829,   0.000,   0.829
202609062306,   0.897,   0.839,9999.000,9999.000,9999.000,9999.000,9999.000,9999.000,9999.000
202609062312,   0.894,   0.839,9999.000,9999.000,9999.000,9999.000,9999.000,9999.000,9999.000
202609062318,   0.890,   0.829,9999.000,9999.000,9999.000,9999.000,9999.000,9999.000,9999.000
202609062324,   0.886,   0.810,9999.000,9999.000,9999.000,9999.000,9999.000,9999.000,9999.000
202609062330,   0.881,   0.790,9999.000,9999.000,9999.000,9999.000,9999.000,9999.000,9999.000
202609062336,   0.877,   0.780,9999.000,9999.000,9999.000,9999.000,9999.000,9999.000,9999.000
202609062342,   0.872,   0.780,9999.000,9999.000,9999.000,9999.000,9999.000,9999.000,9999.000
202609062348,   0.868,   0.780,9999.000,9999.000,9999.000,9999.000,9999.000,9999.000,9999.000
202609062354,   0.863,   0.770,9999.000,9999.000,9999.000,9999.000,9999.000,9999.000,9999.000
202609070000,   0.858,   0.770,   0.000,  -0.088,   0.770,   0.000,   0.770,   0.000,   0.770
202609070006,   0.854,9999.000,9999.000,9999.000,9999.000,9999.000,9999.000,9999.000,9999.000
202609070012,   0.849,9999.000,9999.000,9999.000,9999.000,9999.000,9999.000,9999.000,9999.000
202609070018,   0.843,9999.000,9999.000,9999.000,9999.000,9999.000,9999.000,9999.000,9999.000
202609070024,   0.838,9999.000,9999.000,9999.000,9999.000,9999.000,9999.000,9999.000,9999.000
202609070030,   0.833,9999.000,9999.000,9999.000,9999.000,9999.000,9999.000,9999.000,9999.000
202609070036,   0.828,9999.000,9999.000,9999.000,9999.000,9999.000,9999.000,9999.000,9999.000
202609070042,   0.822,9999.000,9999.000,9999.000,9999.000,9999.000,9999.000,9999.000,9999.000
202609070048,   0.817,9999.000,9999.000,9999.000,9999.000,9999.000,9999.000,9999.000,9999.000
202609070054,   0.811,9999.000,9999.000,9999.000,9999.000,9999.000,9999.000,9999.000,9999.000
202609070100,   0.806,9999.000,   0.000,  -0.072,   0.734,   0.000,   0.734,   0.000,   0.734
202609070106,   0.800,9999.000,9999.000,9999.000,9999.000,9999.000,9999.000,9999.000,9999.000
202609070112,   0.794,9999.000,9999.000,9999.000,9999.000,9999.000,9999.000,9999.000,9999.000
202609070118,   0.789,9999.000,9999.000,9999.000,9999.000,9999.000,9999.000,9999.000,9999.000
202609070124,   0.783,9999.000,9999.000,9999.000,9999.000,9999.000,9999.000,9999.000,9999.000
202609070130,   0.777,9999.000,9999.000,9999.000,9999.000,9999.000,9999.000,9999.000,9999.000
202609070136,   0.771,9999.000,9999.000,9999.000,9999.000,9999.000,9999.000,9999.000,9999.000
202609070142,   0.765,9999.000,9999.000,9999.000,9999.000,9999.000,9999.000,9999.000,9999.000
202609070148,   0.759,9999.000,9999.000,9999.000,9999.000,9999.000,9999.000,9999.000,9999.000
202609070154,   0.753,9999.000,9999.000,9999.000,9999.000,9999.000,9999.000,9999.000,9999.000
202609070200,   0.747,9999.000,   0.000,  -0.055,   0.692,   0.000,   0.692,   0.000,   0.692
202609070206,   0.740,9999.000,9999.000,9999.000,9999.000,9999.000,9999.000,9999.000,9999.000
202609070212,   0.734,9999.000,9999.000,9999.000,9999.000,9999.000,9999.000,9999.000,9999.000
202609070218,   0.728,9999.000,9999.000,9999.000,9999.000,9999.000,9999.000,9999.000,9999.000
202609070224,   0.721,9999.000,9999.000,9999.000,9999.000,9999.000,9999.000,9999.000,9999.000
202609070230,   0.715,9999.000,9999.000,9999.000,9999.000,9999.000,9999.000,9999.000,9999.000
202609070236,   0.708,9999.000,9999.000,9999.000,9999.000,9999.000,9999.000,9999.000,9999.000
202609070242,   0.702,9999.000,9999.000,9999.000,9999.000,9999.000,9999.000,9999.000,9999.000
202609070248,   0.695,9999.000,9999.000,9999.000,9999.000,9999.000,9999.000,9999.000,9999.000
202609070254,   0.689,9999.000,9999.000,9999.000,9999.000,9999.000,9999.000,9999.000,9999.000
202609070300,   0.682,9999.000,   0.000,  -0.039,   0.643,   0.000,   0.643,   0.000,   0.643
202609070306,   0.675,9999.000,9999.000,9999.000,9999.000,9999.000,9999.000,9999.000,9999.000
202609070312,   0.668,9999.000,9999.000,9999.000,9999.000,9999.000,9999.000,9999.000,9999.000
202609070318,   0.661,9999.000,9999.000,9999.000,9999.000,9999.000,9999.000,9999.000,9999.000
202609070324,   0.655,9999.000,9999.000,9999.000,9999.000,9999.000,9999.000,9999.000,9999.000
202609070330,   0.648,9999.000,9999.000,9999.000,9999.000,9999.000,9999.000,9999.000,9999.000
202609070336,   0.641,9999.000,9999.000,9999.000,9999.000,9999.000,9999.000,9999.000,9999.000
202609070342,   0.634,9999.000,9999.000,9999.000,9999.000,9999.000,9999.000,9999.000,9999.000
202609070348,   0.627,9999.000,9999.000,9999.000,9999.000,9999.000,9999.000,9999.000,9999.000
202609070354,   0.620,9999.000,9999.000,9999.000,9999.000,9999.000,9999.000,9999.000,9999.000
202609070400,   0.613,9999.000,   0.000,  -0.023,   0.590,   0.000,   0.590,   0.000,   0.590
202609070406,   0.606,9999.000,9999.000,9999.000,9999.000,9999.000,9999.000,9999.000,9999.000
202609070412,   0.599,9999.000,9999.000,9999.000,9999.000,9999.000,9999.000,9999.000,9999.000
202609070418,   0.592,9999.000,9999.000,9999.000,9999.000,9999.000,9999.000,9999.000,9999.000
202609070424,   0.585,9999.000,9999.000,9999.000,9999.000,9999.000,9999.000,9999.000,9999.000
202609070430,   0.578,9999.000,9999.000,9999.000,9999.000,9999.000,9999.000,9999.000,9999.000
202609070436,   0.571,9999.000,9999.000,9999.000,9999.000,9999.000,9999.000,9999.000,9999.000
202609070442,   0.564,9999.000,9999.000,9999.000,9999.000,9999.000,9999.000,9999.000,9999.000
202609070448,   0.557,9999.000,9999.000,9999.000,9999.000,9999.000,9999.000,9999.000,9999.000
202609070454,   0.550,9999.000,9999.000,9999.000,9999.000,9999.000,9999.000,9999.000,9999.000
202609070500,   0.544,9999.000,   0.000,  -0.006,   0.538,   0.000,   0.538,   0.000,   0.538
202609070506,   0.537,9999.000,9999.000,9999.000,9999.000,9999.000,9999.000,9999.000,9999.000
202609070512,   0.530,9999.000,9999.000,9999.000,9999.000,9999.000,9999.000,9999.000,9999.000
202609070518,   0.524,9999.000,9999.000,9999.000,9999.000,9999.000,9999.000,9999.000,9999.000
202609070524,   0.517,9999.000,9999.000,9999.000,9999.000,9999.000,9999.000,9999.000,9999.000
202609070530,   0.511,9999.000,9999.000,9999.000,9999.000,9999.000,9999.000,9999.000,9999.000
202609070536,   0.505,9999.000,9999.000,9999.000,9999.000,9999.000,9999.000,9999.000,9999.000
202609070542,   0.499,9999.000,9999.000,9999.000,9999.000,9999.000,9999.000,9999.000,9999.000
202609070548,   0.493,9999.000,9999.000,9999.000,9999.000,9999.000,9999.000,9999.000,9999.000
202609070554,   0.487,9999.000,9999.000,9999.000,9999.000,9999.000,9999.000,9999.000,9999.000
202609070600,   0.482,9999.000,   0.000,   0.010,   0.492,   0.000,   0.492,   0.000,   0.492
202609070606,   0.476,9999.000,9999.000,9999.000,9999.000,9999.000,9999.000,9999.000,9999.000
202609070612,   0.471,9999.000,9999.000,9999.000,9999.000,9999.000,9999.000,9999.000,9999.000
202609070618,   0.465,9999.000,9999.000,9999.000,9999.000,9999.000,9999.000,9999.000,9999.000
202609070624,   0.460,9999.000,9999.000,9999.000,9999.000,9999.000,9999.000,9999.000,9999.000
202609070630,   0.456,9999.000,9999.000,9999.000,9999.000,9999.000,9999.000,9999.000,9999.000
202609070636,   0.451,9999.000,9999.000,9999.000,9999.000,9999.000,9999.000,9999.000,9999.000
202609070642,   0.446,9999.000,9999.000,9999.000,9999.000,9999.000,9999.000,9999.000,9999.000
202609070648,   0.442,9999.000,9999.000,9999.000,9999.000,9999.000,9999.000,9999.000,9999.000
202609070654,   0.438,9999.000,9999.000,9999.000,9999.000,9999.000,9999.000,9999.000,9999.000
202609070700,   0.434,9999.000,   0.000,   0.026,   0.460,   0.000,   0.460,   0.000,   0.460
202609070706,   0.430,9999.000,9999.000,9999.000,9999.000,9999.000,9999.000,9999.000,9999.000
202609070712,   0.426,9999.000,9999.000,9999.000,9999.000,9999.000,9999.000,9999.000,9999.000
202609070718,   0.423,9999.000,9999.000,9999.000,9999.000,9999.000,9999.000,9999.000,9999.000
202609070724,   0.420,9999.000,9999.000,9999.000,9999.000,9999.000,9999.000,9999.000,9999.000
202609070730,   0.417,9999.000,9999.000,9999.000,9999.000,9999.000,9999.000,9999.000,9999.000
202609070736,   0.414,9999.000,9999.000,9999.000,9999.000,9999.000,9999.000,9999.000,9999.000
202609070742,   0.411,9999.000,9999.000,9999.000,9999.000,9999.000,9999.000,9999.000,9999.000
202609070748,   0.409,9999.000,9999.000,9999.000,9999.000,9999.000,9999.000,9999.000,9999.000
202609070754,   0.406,9999.000,9999.000,9999.000,9999.000,9999.000,9999.000,9999.000,9999.000
202609070800,   0.404,9999.000,   0.000,   0.043,   0.447,   0.000,   0.447,   0.000,   0.447
202609070806,   0.402,9999.000,9999.000,9999.000,9999.000,9999.000,9999.000,9999.000,9999.000
202609070812,   0.401,9999.000,9999.000,9999.000,9999.000,9999.000,9999.000,9999.000,9999.000
202609070818,   0.399,9999.000,9999.000,9999.000,9999.000,9999.000,9999.000,9999.000,9999.000
202609070824,   0.398,9999.000,9999.000,9999.000,9999.000,9999.000,9999.000,9999.000,9999.000
202609070830,   0.396,9999.000,9999.000,9999.000,9999.000,9999.000,9999.000,9999.000,9999.000
202609070836,   0.395,9999.000,9999.000,9999.000,9999.000,9999.000,9999.000,9999.000,9999.000
202609070842,   0.394,9999.000,9999.000,9999.000,9999.000,9999.000,9999.000,9999.000,9999.000
202609070848,   0.394,9999.000,9999.000,9999.000,9999.000,9999.000,9999.000,9999.000,9999.000
202609070854,   0.393,9999.000,9999.000,9999.000,9999.000,9999.000,9999.000,9999.000,9999.000
202609070900,   0.393,9999.000,   0.000,   0.059,   0.452,   0.000,   0.452,   0.000,   0.452
202609070906,   0.392,9999.000,9999.000,9999.000,9999.000,9999.000,9999.000,9999.000,9999.000
202609070912,   0.392,9999.000,9999.000,9999.000,9999.000,9999.000,9999.000,9999.000,9999.000
202609070918,   0.392,9999.000,9999.000,9999.000,9999.000,9999.000,9999.000,9999.000,9999.000
202609070924,   0.393,9999.000,9999.000,9999.000,9999.000,9999.000,9999.000,9999.000,9999.000
202609070930,   0.393,9999.000,9999.000,9999.000,9999.000,9999.000,9999.000,9999.000,9999.000
202609070936,   0.393,9999.000,9999.000,9999.000,9999.000,9999.000,9999.000,9999.000,9999.000
202609070942,   0.394,9999.000,9999.000,9999.000,9999.000,9999.000,9999.000,9999.000,9999.000
202609070948,   0.395,9999.000,9999.000,9999.000,9999.000,9999.000,9999.000,9999.000,9999.000
202609070954,   0.396,9999.000,9999.000,9999.000,9999.000,9999.000,9999.000,9999.000,9999.000
202609071000,   0.397,9999.000,   0.000,   0.075,   0.472,   0.000,   0.472,   0.000,   0.472
202609071006,   0.398,9999.000,9999.000,9999.000,9999.000,9999.000,9999.000,9999.000,9999.000
202609071012,   0.399,9999.000,9999.000,9999.000,9999.000,9999.000,9999.000,9999.000,9999.000
202609071018,   0.401,9999.000,9999.000,9999.000,9999.000,9999.000,9999.000,9999.000,9999.000
202609071024,   0.402,9999.000,9999.000,9999.000,9999.000,9999.000,9999.000,9999.000,9999.000
202609071030,   0.404,9999.000,9999.000,9999.000,9999.000,9999.000,9999.000,9999.000,9999.000
202609071036,   0.406,9999.000,9999.000,9999.000,9999.000,9999.000,9999.000,9999.000,9999.000
202609071042,   0.408,9999.000,9999.000,9999.000,9999.000,9999.000,9999.000,9999.000,9999.000
202609071048,   0.410,9999.000,9999.000,9999.000,9999.000,9999.000,9999.000,9999.000,9999.000
202609071054,   0.412,9999.000,9999.000,9999.000,9999.000,9999.000,9999.000,9999.000,9999.000
202609071100,   0.415,9999.000,   0.000,   0.092,   0.507,   0.000,   0.507,   0.000,   0.507
202609071106,   0.417,9999.000,9999.000,9999.000,9999.000,9999.000,9999.000,9999.000,9999.000
202609071112,   0.420,9999.000,9999.000,9999.000,9999.000,9999.000,9999.000,9999.000,9999.000
202609071118,   0.423,9999.000,9999.000,9999.000,9999.000,9999.000,9999.000,9999.000,9999.000
202609071124,   0.426,9999.000,9999.000,9999.000,9999.000,9999.000,9999.000,9999.000,9999.000
202609071130,   0.429,9999.000,9999.000,9999.000,9999.000,9999.000,9999.000,9999.000,9999.000
202609071136,   0.432,9999.000,9999.000,9999.000,9999.000,9999.000,9999.000,9999.000,9999.000
202609071142,   0.435,9999.000,9999.000,9999.000,9999.000,9999.000,9999.000,9999.000,9999.000
202609071148,   0.439,9999.000,9999.000,9999.000,9999.000,9999.000,9999.000,9999.000,9999.000
202609071154,   0.443,9999.000,9999.000,9999.000,9999.000,9999.000,9999.000,9999.000,9999.000
202609071200,   0.446,9999.000,   0.000,   0.108,   0.554,   0.000,   0.554,   0.000,   0.554
202609071206,   0.450,9999.000,9999.000,9999.000,9999.000,9999.000,9999.000,9999.000,9999.000
202609071212,   0.454,9999.000,9999.000,9999.000,9999.000,9999.000,9999.000,9999.000,9999.000
202609071218,   0.459,9999.000,9999.000,9999.000,9999.000,9999.000,9999.000,9999.000,9999.000
202609071224,   0.463,9999.000,9999.000,9999.000,9999.000,9999.000,9999.000,9999.000,9999.000
202609071230,   0.467,9999.000,9999.000,9999.000,9999.000,9999.000,9999.000,9999.000,9999.000
202609071236,   0.472,9999.000,9999.000,9999.000,9999.000,9999.000,9999.000,9999.000,9999.000
202609071242,   0.476,9999.000,9999.000,9999.000,9999.000,9999.000,9999.000,9999.000,9999.000
202609071248,   0.481,9999.000,9999.000,9999.000,9999.000,9999.000,9999.000,9999.000,9999.000
202609071254,   0.486,9999.000,9999.000,9999.000,9999.000,9999.000,9999.000,9999.000,9999.000
202609071300,   0.491,9999.000,   0.000,   0.108,   0.599,   0.000,   0.599,   0.000,   0.599
202609071306,   0.496,9999.000,9999.000,9999.000,9999.000,9999.000,9999.000,9999.000,9999.000
202609071312,   0.501,9999.000,9999.000,9999.000,9999.000,9999.000,9999.000,9999.000,9999.000
202609071318,   0.506,9999.000,9999.000,9999.000,9999.000,9999.000,9999.000,9999.000,9999.000
202609071324,   0.512,9999.000,9999.000,9999.000,9999.000,9999.000,9999.000,9999.000,9999.000
202609071330,   0.517,9999.000,9999.000,9999.000,9999.000,9999.000,9999.000,9999.000,9999.000
202609071336,   0.523,9999.000,9999.000,9999.000,9999.000,9999.000,9999.000,9999.000,9999.000
202609071342,   0.528,9999.000,9999.000,9999.000,9999.000,9999.000,9999.000,9999.000,9999.000
202609071348,   0.534,9999.000,9999.000,9999.000,9999.000,9999.000,9999.000,9999.000,9999.000
202609071354,   0.539,9999.000,9999.000,9999.000,9999.000,9999.000,9999.000,9999.000,9999.000
202609071400,   0.545,9999.000,   0.000,   0.108,   0.653,   0.000,   0.653,   0.000,   0.653
202609071406,   0.551,9999.000,9999.000,9999.000,9999.000,9999.000,9999.000,9999.000,9999.000
202609071412,   0.557,9999.000,9999.000,9999.000,9999.000,9999.000,9999.000,9999.000,9999.000
202609071418,   0.563,9999.000,9999.000,9999.000,9999.000,9999.000,9999.000,9999.000,9999.000
202609071424,   0.569,9999.000,9999.000,9999.000,9999.000,9999.000,9999.000,9999.000,9999.000
202609071430,   0.574,9999.000,9999.000,9999.000,9999.000,9999.000,9999.000,9999.000,9999.000
202609071436,   0.580,9999.000,9999.000,9999.000,9999.000,9999.000,9999.000,9999.000,9999.000
202609071442,   0.586,9999.000,9999.000,9999.000,9999.000,9999.000,9999.000,9999.000,9999.000
202609071448,   0.592,9999.000,9999.000,9999.000,9999.000,9999.000,9999.000,9999.000,9999.000
202609071454,   0.598,9999.000,9999.000,9999.000,9999.000,9999.000,9999.000,9999.000,9999.000
202609071500,   0.604,9999.000,   0.000,   0.108,   0.712,   0.000,   0.712,   0.000,   0.712
202609071506,   0.611,9999.000,9999.000,9999.000,9999.000,9999.000,9999.000,9999.000,9999.000
202609071512,   0.617,9999.000,9999.000,9999.000,9999.000,9999.000,9999.000,9999.000,9999.000
202609071518,   0.623,9999.000,9999.000,9999.000,9999.000,9999.000,9999.000,9999.000,9999.000
202609071524,   0.629,9999.000,9999.000,9999.000,9999.000,9999.000,9999.000,9999.000,9999.000
202609071530,   0.635,9999.000,9999.000,9999.000,9999.000,9999.000,9999.000,9999.000,9999.000
202609071536,   0.641,9999.000,9999.000,9999.000,9999.000,9999.000,9999.000,9999.000,9999.000
202609071542,   0.647,9999.000,9999.000,9999.000,9999.000,9999.000,9999.000,9999.000,9999.000
202609071548,   0.653,9999.000,9999.000,9999.000,9999.000,9999.000,9999.000,9999.000,9999.000
202609071554,   0.659,9999.000,9999.000,9999.000,9999.000,9999.000,9999.000,9999.000,9999.000
202609071600,   0.665,9999.000,   0.000,   0.108,   0.773,   0.000,   0.773,   0.000,   0.773
202609071606,   0.671,9999.000,9999.000,9999.000,9999.000,9999.000,9999.000,9999.000,9999.000
202609071612,   0.677,9999.000,9999.000,9999.000,9999.000,9999.000,9999.000,9999.000,9999.000
202609071618,   0.683,9999.000,9999.000,9999.000,9999.000,9999.000,9999.000,9999.000,9999.000
202609071624,   0.689,9999.000,9999.000,9999.000,9999.000,9999.000,9999.000,9999.000,9999.000
202609071630,   0.695,9999.000,9999.000,9999.000,9999.000,9999.000,9999.000,9999.000,9999.000
202609071636,   0.701,9999.000,9999.000,9999.000,9999.000,9999.000,9999.000,9999.000,9999.000
202609071642,   0.707,9999.000,9999.000,9999.000,9999.000,9999.000,9999.000,9999.000,9999.000
202609071648,   0.713,9999.000,9999.000,9999.000,9999.000,9999.000,9999.000,9999.000,9999.000
202609071654,   0.719,9999.000,9999.000,9999.000,9999.000,9999.000,9999.000,9999.000,9999.000
202609071700,   0.725,9999.000,   0.000,   0.108,   0.833,   0.000,   0.833,   0.000,   0.833
202609071706,   0.731,9999.000,9999.000,9999.000,9999.000,9999.000,9999.000,9999.000,9999.000
202609071712,   0.736,9999.000,9999.000,9999.000,9999.000,9999.000,9999.000,9999.000,9999.000
202609071718,   0.742,9999.000,9999.000,9999.000,9999.000,9999.000,9999.000,9999.000,9999.000
202609071724,   0.748,9999.000,9999.000,9999.000,9999.000,9999.000,9999.000,9999.000,9999.000
202609071730,   0.754,9999.000,9999.000,9999.000,9999.000,9999.000,9999.000,9999.000,9999.000
202609071736,   0.760,9999.000,9999.000,9999.000,9999.000,9999.000,9999.000,9999.000,9999.000
202609071742,   0.766,9999.000,9999.000,9999.000,9999.000,9999.000,9999.000,9999.000,9999.000
202609071748,   0.772,9999.000,9999.000,9999.000,9999.000,9999.000,9999.000,9999.000,9999.000
202609071754,   0.778,9999.000,9999.000,9999.000,9999.000,9999.000,9999.000,9999.000,9999.000
202609071800,   0.783,9999.000,   0.000,   0.108,   0.891,   0.000,   0.891,   0.000,   0.891
202609071806,   0.789,9999.000,9999.000,9999.000,9999.000,9999.000,9999.000,9999.000,9999.000
202609071812,   0.795,9999.000,9999.000,9999.000,9999.000,9999.000,9999.000,9999.000,9999.000
202609071818,   0.801,9999.000,9999.000,9999.000,9999.000,9999.000,9999.000,9999.000,9999.000
202609071824,   0.807,9999.000,9999.000,9999.000,9999.000,9999.000,9999.000,9999.000,9999.000
202609071830,   0.812,9999.000,9999.000,9999.000,9999.000,9999.000,9999.000,9999.000,9999.000
202609071836,   0.818,9999.000,9999.000,9999.000,9999.000,9999.000,9999.000,9999.000,9999.000
202609071842,   0.824,9999.000,9999.000,9999.000,9999.000,9999.000,9999.000,9999.000,9999.000
202609071848,   0.829,9999.000,9999.000,9999.000,9999.000,9999.000,9999.000,9999.000,9999.000
202609071854,   0.835,9999.000,9999.000,9999.000,9999.000,9999.000,9999.000,9999.000,9999.000
202609071900,   0.840,9999.000,   0.000,   0.108,   0.948,   0.000,   0.948,   0.000,   0.948
202609071906,   0.845,9999.000,9999.000,9999.000,9999.000,9999.000,9999.000,9999.000,9999.000
202609071912,   0.851,9999.000,9999.000,9999.000,9999.000,9999.000,9999.000,9999.000,9999.000
202609071918,   0.856,9999.000,9999.000,9999.000,9999.000,9999.000,9999.000,9999.000,9999.000
202609071924,   0.861,9999.000,9999.000,9999.000,9999.000,9999.000,9999.000,9999.000,9999.000
202609071930,   0.866,9999.000,9999.000,9999.000,9999.000,9999.000,9999.000,9999.000,9999.000
202609071936,   0.871,9999.000,9999.000,9999.000,9999.000,9999.000,9999.000,9999.000,9999.000
202609071942,   0.876,9999.000,9999.000,9999.000,9999.000,9999.000,9999.000,9999.000,9999.000
202609071948,   0.880,9999.000,9999.000,9999.000,9999.000,9999.000,9999.000,9999.000,9999.000
202609071954,   0.885,9999.000,9999.000,9999.000,9999.000,9999.000,9999.000,9999.000,9999.000
202609072000,   0.889,9999.000,   0.000,   0.108,   0.997,   0.000,   0.997,   0.000,   0.997
202609072006,   0.894,9999.000,9999.000,9999.000,9999.000,9999.000,9999.000,9999.000,9999.000
202609072012,   0.898,9999.000,9999.000,9999.000,9999.000,9999.000,9999.000,9999.000,9999.000
202609072018,   0.902,9999.000,9999.000,9999.000,9999.000,9999.000,9999.000,9999.000,9999.000
202609072024,   0.905,9999.000,9999.000,9999.000,9999.000,9999.000,9999.000,9999.000,9999.000
202609072030,   0.909,9999.000,9999.000,9999.000,9999.000,9999.000,9999.000,9999.000,9999.000
202609072036,   0.912,9999.000,9999.000,9999.000,9999.000,9999.000,9999.000,9999.000,9999.000
202609072042,   0.916,9999.000,9999.000,9999.000,9999.000,9999.000,9999.000,9999.000,9999.000
202609072048,   0.919,9999.000,9999.000,9999.000,9999.000,9999.000,9999.000,9999.000,9999.000
202609072054,   0.921,9999.000,9999.000,9999.000,9999.000,9999.000,9999.000,9999.000,9999.000
202609072100,   0.924,9999.000,   0.000,   0.108,   1.032,   0.000,   1.032,   0.000,   1.032
202609072106,   0.926,9999.000,9999.000,9999.000,9999.000,9999.000,9999.000,9999.000,9999.000
202609072112,   0.929,9999.000,9999.000,9999.000,9999.000,9999.000,9999.000,9999.000,9999.000
202609072118,   0.931,9999.000,9999.000,9999.000,9999.000,9999.000,9999.000,9999.000,9999.000
202609072124,   0.932,9999.000,9999.000,9999.000,9999.000,9999.000,9999.000,9999.000,9999.000
202609072130,   0.934,9999.000,9999.000,9999.000,9999.000,9999.000,9999.000,9999.000,9999.000
202609072136,   0.935,9999.000,9999.000,9999.000,9999.000,9999.000,9999.000,9999.000,9999.000
202609072142,   0.936,9999.000,9999.000,9999.000,9999.000,9999.000,9999.000,9999.000,9999.000
202609072148,   0.937,9999.000,9999.000,9999.000,9999.000,9999.000,9999.000,9999.000,9999.000
202609072154,   0.938,9999.000,9999.000,9999.000,9999.000,9999.000,9999.000,9999.000,9999.000
202609072200,   0.938,9999.000,   0.000,   0.108,   1.046,   0.000,   1.046,   0.000,   1.046
202609072206,   0.938,9999.000,9999.000,9999.000,9999.000,9999.000,9999.000,9999.000,9999.000
202609072212,   0.938,9999.000,9999.000,9999.000,9999.000,9999.000,9999.000,9999.000,9999.000
202609072218,   0.938,9999.000,9999.000,9999.000,9999.000,9999.000,9999.000,9999.000,9999.000
202609072224,   0.938,9999.000,9999.000,9999.000,9999.000,9999.000,9999.000,9999.000,9999.000
202609072230,   0.937,9999.000,9999.000,9999.000,9999.000,9999.000,9999.000,9999.000,9999.000
202609072236,   0.936,9999.000,9999.000,9999.000,9999.000,9999.000,9999.000,9999.000,9999.000
202609072242,   0.935,9999.000,9999.000,9999.000,9999.000,9999.000,9999.000,9999.000,9999.000
202609072248,   0.934,9999.000,9999.000,9999.000,9999.000,9999.000,9999.000,9999.000,9999.000
202609072254,   0.932,9999.000,9999.000,9999.000,9999.000,9999.000,9999.000,9999.000,9999.000
202609072300,   0.931,9999.000,   0.000,   0.108,   1.039,   0.000,   1.039,   0.000,   1.039
202609072306,   0.929,9999.000,9999.000,9999.000,9999.000,9999.000,9999.000,9999.000,9999.000
202609072312,   0.927,9999.000,9999.000,9999.000,9999.000,9999.000,9999.000,9999.000,9999.000
202609072318,   0.925,9999.000,9999.000,9999.000,9999.000,9999.000,9999.000,9999.000,9999.000
202609072324,   0.922,9999.000,9999.000,9999.000,9999.000,9999.000,9999.000,9999.000,9999.000
202609072330,   0.920,9999.000,9999.000,9999.000,9999.000,9999.000,9999.000,9999.000,9999.000
202609072336,   0.917,9999.000,9999.000,9999.000,9999.000,9999.000,9999.000,9999.000,9999.000
202609072342,   0.914,9999.000,9999.000,9999.000,9999.000,9999.000,9999.000,9999.000,9999.000
202609072348,   0.911,9999.000,9999.000,9999.000,9999.000,9999.000,9999.000,9999.000,9999.000
202609072354,   0.908,9999.000,9999.000,9999.000,9999.000,9999.000,9999.000,9999.000,9999.000
202609080000,   0.905,9999.000,   0.000,   0.108,   1.013,   0.000,   1.013,   0.000,   1.013
202609080006,   0.901,9999.000,9999.000,9999.000,9999.000,9999.000,9999.000,9999.000,9999.000
202609080012,   0.898,9999.000,9999.000,9999.000,9999.000,9999.000,9999.000,9999.000,9999.000
202609080018,   0.894,9999.000,9999.000,9999.000,9999.000,9999.000,9999.000,9999.000,9999.000
202609080024,   0.891,9999.000,9999.000,9999.000,9999.000,9999.000,9999.000,9999.000,9999.000
202609080030,   0.887,9999.000,9999.000,9999.000,9999.000,9999.000,9999.000,9999.000,9999.000
202609080036,   0.883,9999.000,9999.000,9999.000,9999.000,9999.000,9999.000,9999.000,9999.000
202609080042,   0.878,9999.000,9999.000,9999.000,9999.000,9999.000,9999.000,9999.000,9999.000
202609080048,   0.874,9999.000,9999.000,9999.000,9999.000,9999.000,9999.000,9999.000,9999.000
202609080054,   0.870,9999.000,9999.000,9999.000,9999.000,9999.000,9999.000,9999.000,9999.000
202609080100,   0.865,9999.000,   0.000,   0.108,   0.973,   0.000,   0.973,   0.000,   0.973
202609080106,   0.861,9999.000,9999.000,9999.000,9999.000,9999.000,9999.000,9999.000,9999.000
202609080112,   0.856,9999.000,9999.000,9999.000,9999.000,9999.000,9999.000,9999.000,9999.000
202609080118,   0.852,9999.000,9999.000,9999.000,9999.000,9999.000,9999.000,9999.000,9999.000
202609080124,   0.847,9999.000,9999.000,9999.000,9999.000,9999.000,9999.000,9999.000,9999.000
202609080130,   0.842,9999.000,9999.000,9999.000,9999.000,9999.000,9999.000,9999.000,9999.000
202609080136,   0.837,9999.000,9999.000,9999.000,9999.000,9999.000,9999.000,9999.000,9999.000
202609080142,   0.832,9999.000,9999.000,9999.000,9999.000,9999.000,9999.000,9999.000,9999.000
202609080148,   0.826,9999.000,9999.000,9999.000,9999.000,9999.000,9999.000,9999.000,9999.000
202609080154,   0.821,9999.000,9999.000,9999.000,9999.000,9999.000,9999.000,9999.000,9999.000
202609080200,   0.816,9999.000,   0.000,   0.108,   0.924,   0.000,   0.924,   0.000,   0.924
202609080206,   0.810,9999.000,9999.000,9999.000,9999.000,9999.000,9999.000,9999.000,9999.000
202609080212,   0.804,9999.000,9999.000,9999.000,9999.000,9999.000,9999.000,9999.000,9999.000
202609080218,   0.799,9999.000,9999.000,9999.000,9999.000,9999.000,9999.000,9999.000,9999.000
202609080224,   0.793,9999.000,9999.000,9999.000,9999.000,9999.000,9999.000,9999.000,9999.000
202609080230,   0.787,9999.000,9999.000,9999.000,9999.000,9999.000,9999.000,9999.000,9999.000
202609080236,   0.781,9999.000,9999.000,9999.000,9999.000,9999.000,9999.000,9999.000,9999.000
202609080242,   0.775,9999.000,9999.000,9999.000,9999.000,9999.000,9999.000,9999.000,9999.000
202609080248,   0.769,9999.000,9999.000,9999.000,9999.000,9999.000,9999.000,9999.000,9999.000
202609080254,   0.762,9999.000,9999.000,9999.000,9999.000,9999.000,9999.000,9999.000,9999.000
202609080300,   0.756,9999.000,   0.000,   0.108,   0.864,   0.000,   0.864,   0.000,   0.864
202609080306,   0.750,9999.000,9999.000,9999.000,9999.000,9999.000,9999.000,9999.000,9999.000
202609080312,   0.743,9999.000,9999.000,9999.000,9999.000,9999.000,9999.000,9999.000,9999.000
202609080318,   0.737,9999.000,9999.000,9999.000,9999.000,9999.000,9999.000,9999.000,9999.000
202609080324,   0.730,9999.000,9999.000,9999.000,9999.000,9999.000,9999.000,9999.000,9999.000
202609080330,   0.723,9999.000,9999.000,9999.000,9999.000,9999.000,9999.000,9999.000,9999.000
202609080336,   0.716,9999.000,9999.000,9999.000,9999.000,9999.000,9999.000,9999.000,9999.000
202609080342,   0.709,9999.000,9999.000,9999.000,9999.000,9999.000,9999.000,9999.000,9999.000
202609080348,   0.702,9999.000,9999.000,9999.000,9999.000,9999.000,9999.000,9999.000,9999.000
202609080354,   0.695,9999.000,9999.000,9999.000,9999.000,9999.000,9999.000,9999.000,9999.000
202609080400,   0.688,9999.000,   0.000,   0.108,   0.796,   0.000,   0.796,   0.000,   0.796
202609080406,   0.681,9999.000,9999.000,9999.000,9999.000,9999.000,9999.000,9999.000,9999.000
202609080412,   0.674,9999.000,9999.000,9999.000,9999.000,9999.000,9999.000,9999.000,9999.000
202609080418,   0.667,9999.000,9999.000,9999.000,9999.000,9999.000,9999.000,9999.000,9999.000
202609080424,   0.660,9999.000,9999.000,9999.000,9999.000,9999.000,9999.000,9999.000,9999.000
202609080430,   0.653,9999.000,9999.000,9999.000,9999.000,9999.000,9999.000,9999.000,9999.000
202609080436,   0.646,9999.000,9999.000,9999.000,9999.000,9999.000,9999.000,9999.000,9999.000
202609080442,   0.638,9999.000,9999.000,9999.000,9999.000,9999.000,9999.000,9999.000,9999.000
202609080448,   0.631,9999.000,9999.000,9999.000,9999.000,9999.000,9999.000,9999.000,9999.000
202609080454,   0.624,9999.000,9999.000,9999.000,9999.000,9999.000,9999.000,9999.000,9999.000
202609080500,   0.617,9999.000,   0.000,   0.108,   0.725,   0.000,   0.725,   0.000,   0.725
202609080506,   0.610,9999.000,9999.000,9999.000,9999.000,9999.000,9999.000,9999.000,9999.000
202609080512,   0.603,9999.000,9999.000,9999.000,9999.000,9999.000,9999.000,9999.000,9999.000
202609080518,   0.596,9999.000,9999.000,9999.000,9999.000,9999.000,9999.000,9999.000,9999.000
202609080524,   0.589,9999.000,9999.000,9999.000,9999.000,9999.000,9999.000,9999.000,9999.000
202609080530,   0.582,9999.000,9999.000,9999.000,9999.000,9999.000,9999.000,9999.000,9999.000
202609080536,   0.575,9999.000,9999.000,9999.000,9999.000,9999.000,9999.000,9999.000,9999.000
202609080542,   0.569,9999.000,9999.000,9999.000,9999.000,9999.000,9999.000,9999.000,9999.000
202609080548,   0.562,9999.000,9999.000,9999.000,9999.000,9999.000,9999.000,9999.000,9999.000
202609080554,   0.556,9999.000,9999.000,9999.000,9999.000,9999.000,9999.000,9999.000,9999.000
202609080600,   0.549,9999.000,   0.000,   0.108,   0.657,   0.000,   0.657,   0.000,   0.657
202609080606,   0.543,9999.000,9999.000,9999.000,9999.000,9999.000,9999.000,9999.000,9999.000
202609080612,   0.537,9999.000,9999.000,9999.000,9999.000,9999.000,9999.000,9999.000,9999.000
202609080618,   0.531,9999.000,9999.000,9999.000,9999.000,9999.000,9999.000,9999.000,9999.000
202609080624,   0.525,9999.000,9999.000,9999.000,9999.000,9999.000,9999.000,9999.000,9999.000
202609080630,   0.519,9999.000,9999.000,9999.000,9999.000,9999.000,9999.000,9999.000,9999.000
202609080636,   0.514,9999.000,9999.000,9999.000,9999.000,9999.000,9999.000,9999.000,9999.000
202609080642,   0.508,9999.000,9999.000,9999.000,9999.000,9999.000,9999.000,9999.000,9999.000
202609080648,   0.503,9999.000,9999.000,9999.000,9999.000,9999.000,9999.000,9999.000,9999.000
202609080654,   0.498,9999.000,9999.000,9999.000,9999.000,9999.000,9999.000,9999.000,9999.000
202609080700,   0.493,9999.000,   0.000,   0.108,   0.601,   0.000,   0.601,   0.000,   0.601
202609080706,   0.488,9999.000,9999.000,9999.000,9999.000,9999.000,9999.000,9999.000,9999.000
202609080712,   0.483,9999.000,9999.000,9999.000,9999.000,9999.000,9999.000,9999.000,9999.000
202609080718,   0.478,9999.000,9999.000,9999.000,9999.000,9999.000,9999.000,9999.000,9999.000
202609080724,   0.474,9999.000,9999.000,9999.000,9999.000,9999.000,9999.000,9999.000,9999.000
202609080730,   0.470,9999.000,9999.000,9999.000,9999.000,9999.000,9999.000,9999.000,9999.000
202609080736,   0.466,9999.000,9999.000,9999.000,9999.000,9999.000,9999.000,9999.000,9999.000
202609080742,   0.462,9999.000,9999.000,9999.000,9999.000,9999.000,9999.000,9999.000,9999.000
202609080748,   0.458,9999.000,9999.000,9999.000,9999.000,9999.000,9999.000,9999.000,9999.000
202609080754,   0.455,9999.000,9999.000,9999.000,9999.000,9999.000,9999.000,9999.000,9999.000
202609080800,   0.451,9999.000,   0.000,   0.108,   0.559,   0.000,   0.559,   0.000,   0.559
202609080806,   0.448,9999.000,9999.000,9999.000,9999.000,9999.000,9999.000,9999.000,9999.000
202609080812,   0.445,9999.000,9999.000,9999.000,9999.000,9999.000,9999.000,9999.000,9999.000
202609080818,   0.442,9999.000,9999.000,9999.000,9999.000,9999.000,9999.000,9999.000,9999.000
202609080824,   0.439,9999.000,9999.000,9999.000,9999.000,9999.000,9999.000,9999.000,9999.000
202609080830,   0.437,9999.000,9999.000,9999.000,9999.000,9999.000,9999.000,9999.000,9999.000
202609080836,   0.434,9999.000,9999.000,9999.000,9999.000,9999.000,9999.000,9999.000,9999.000
202609080842,   0.432,9999.000,9999.000,9999.000,9999.000,9999.000,9999.000,9999.000,9999.000
202609080848,   0.430,9999.000,9999.000,9999.000,9999.000,9999.000,9999.000,9999.000,9999.000
202609080854,   0.428,9999.000,9999.000,9999.000,9999.000,9999.000,9999.000,9999.000,9999.000
202609080900,   0.426,9999.000,   0.000,   0.108,   0.534,   0.000,   0.534,   0.000,   0.534
202609080906,   0.424,9999.000,9999.000,9999.000,9999.000,9999.000,9999.000,9999.000,9999.000
202609080912,   0.423,9999.000,9999.000,9999.000,9999.000,9999.000,9999.000,9999.000,9999.000
202609080918,   0.421,9999.000,9999.000,9999.000,9999.000,9999.000,9999.000,9999.000,9999.000
202609080924,   0.420,9999.000,9999.000,9999.000,9999.000,9999.000,9999.000,9999.000,9999.000
202609080930,   0.419,9999.000,9999.000,9999.000,9999.000,9999.000,9999.000,9999.000,9999.000
202609080936,   0.418,9999.000,9999.000,9999.000,9999.000,9999.000,9999.000,9999.000,9999.000
202609080942,   0.417,9999.000,9999.000,9999.000,9999.000,9999.000,9999.000,9999.000,9999.000
202609080948,   0.416,9999.000,9999.000,9999.000,9999.000,9999.000,9999.000,9999.000,9999.000
202609080954,   0.416,9999.000,9999.000,9999.000,9999.000,9999.000,9999.000,9999.000,9999.000
202609081000,   0.416,9999.000,   0.000,   0.108,   0.524,   0.000,   0.524,   0.000,   0.524
202609081006,   0.415,9999.000,9999.000,9999.000,9999.000,9999.000,9999.000,9999.000,9999.000
202609081012,   0.415,9999.000,9999.000,9999.000,9999.000,9999.000,9999.000,9999.000,9999.000
202609081018,   0.415,9999.000,9999.000,9999.000,9999.000,9999.000,9999.000,9999.000,9999.000
202609081024,   0.415,9999.000,9999.000,9999.000,9999.000,9999.000,9999.000,9999.000,9999.000
202609081030,   0.416,9999.000,9999.000,9999.000,9999.000,9999.000,9999.000,9999.000,9999.000
202609081036,   0.416,9999.000,9999.000,9999.000,9999.000,9999.000,9999.000,9999.000,9999.000
202609081042,   0.417,9999.000,9999.000,9999.000,9999.000,9999.000,9999.000,9999.000,9999.000
202609081048,   0.417,9999.000,9999.000,9999.000,9999.000,9999.000,9999.000,9999.000,9999.000
202609081054,   0.418,9999.000,9999.000,9999.000,9999.000,9999.000,9999.000,9999.000,9999.000
202609081100,   0.419,9999.000,   0.000,   0.108,   0.527,   0.000,   0.527,   0.000,   0.527
202609081106,   0.420,9999.000,9999.000,9999.000,9999.000,9999.000,9999.000,9999.000,9999.000
202609081112,   0.422,9999.000,9999.000,9999.000,9999.000,9999.000,9999.000,9999.000,9999.000
202609081118,   0.423,9999.000,9999.000,9999.000,9999.000,9999.000,9999.000,9999.000,9999.000
202609081124,   0.425,9999.000,9999.000,9999.000,9999.000,9999.000,9999.000,9999.000,9999.000
202609081130,   0.426,9999.000,9999.000,9999.000,9999.000,9999.000,9999.000,9999.000,9999.000
202609081136,   0.428,9999.000,9999.000,9999.000,9999.000,9999.000,9999.000,9999.000,9999.000
202609081142,   0.430,9999.000,9999.000,9999.000,9999.000,9999.000,9999.000,9999.000,9999.000
202609081148,   0.433,9999.000,9999.000,9999.000,9999.000,9999.000,9999.000,9999.000,9999.000
202609081154,   0.435,9999.000,9999.000,9999.000,9999.000,9999.000,9999.000,9999.000,9999.000
202609081200,   0.437,9999.000,   0.000,   0.108,   0.545,   0.000,   0.545,   0.000,   0.545
202609081206,   0.440,9999.000,9999.000,9999.000,9999.000,9999.000,9999.000,9999.000,9999.000
202609081212,   0.443,9999.000,9999.000,9999.000,9999.000,9999.000,9999.000,9999.000,9999.000
202609081218,   0.445,9999.000,9999.000,9999.000,9999.000,9999.000,9999.000,9999.000,9999.000
202609081224,   0.448,9999.000,9999.000,9999.000,9999.000,9999.000,9999.000,9999.000,9999.000
202609081230,   0.452,9999.000,9999.000,9999.000,9999.000,9999.000,9999.000,9999.000,9999.000
202609081236,   0.455,9999.000,9999.000,9999.000,9999.000,9999.000,9999.000,9999.000,9999.000
202609081242,   0.458,9999.000,9999.000,9999.000,9999.000,9999.000,9999.000,9999.000,9999.000
202609081248,   0.462,9999.000,9999.000,9999.000,9999.000,9999.000,9999.000,9999.000,9999.000
202609081254,   0.465,9999.000,9999.000,9999.000,9999.000,9999.000,9999.000,9999.000,9999.000
202609081300,   0.469,9999.000,   0.000,   0.108,   0.577,   0.000,   0.577,   0.000,   0.577
202609081306,   0.473,9999.000,9999.000,9999.000,9999.000,9999.000,9999.000,9999.000,9999.000
202609081312,   0.477,9999.000,9999.000,9999.000,9999.000,9999.000,9999.000,9999.000,9999.000
202609081318,   0.481,9999.000,9999.000,9999.000,9999.000,9999.000,9999.000,9999.000,9999.000
202609081324,   0.485,9999.000,9999.000,9999.000,9999.000,9999.000,9999.000,9999.000,9999.000
202609081330,   0.489,9999.000,9999.000,9999.000,9999.000,9999.000,9999.000,9999.000,9999.000
202609081336,   0.494,9999.000,9999.000,9999.000,9999.000,9999.000,9999.000,9999.000,9999.000
202609081342,   0.498,9999.000,9999.000,9999.000,9999.000,9999.000,9999.000,9999.000,9999.000
202609081348,   0.502,9999.000,9999.000,9999.000,9999.000,9999.000,9999.000,9999.000,9999.000
202609081354,   0.507,9999.000,9999.000,9999.000,9999.000,9999.000,9999.000,9999.000,9999.000
202609081400,   0.512,9999.000,   0.000,   0.108,   0.620,   0.000,   0.620,   0.000,   0.620
202609081406,   0.516,9999.000,9999.000,9999.000,9999.000,9999.000,9999.000,9999.000,9999.000
202609081412,   0.521,9999.000,9999.000,9999.000,9999.000,9999.000,9999.000,9999.000,9999.000
202609081418,   0.526,9999.000,9999.000,9999.000,9999.000,9999.000,9999.000,9999.000,9999.000
202609081424,   0.531,9999.000,9999.000,9999.000,9999.000,9999.000,9999.000,9999.000,9999.000
202609081430,   0.535,9999.000,9999.000,9999.000,9999.000,9999.000,9999.000,9999.000,9999.000
202609081436,   0.540,9999.000,9999.000,9999.000,9999.000,9999.000,9999.000,9999.000,9999.000
202609081442,   0.545,9999.000,9999.000,9999.000,9999.000,9999.000,9999.000,9999.000,9999.000
202609081448,   0.550,9999.000,9999.000,9999.000,9999.000,9999.000,9999.000,9999.000,9999.000
202609081454,   0.555,9999.000,9999.000,9999.000,9999.000,9999.000,9999.000,9999.000,9999.000
202609081500,   0.560,9999.000,   0.000,   0.108,   0.668,   0.000,   0.668,   0.000,   0.668
202609081506,   0.565,9999.000,9999.000,9999.000,9999.000,9999.000,9999.000,9999.000,9999.000
202609081512,   0.570,9999.000,9999.000,9999.000,9999.000,9999.000,9999.000,9999.000,9999.000
202609081518,   0.575,9999.000,9999.000,9999.000,9999.000,9999.000,9999.000,9999.000,9999.000
202609081524,   0.581,9999.000,9999.000,9999.000,9999.000,9999.000,9999.000,9999.000,9999.000
202609081530,   0.586,9999.000,9999.000,9999.000,9999.000,9999.000,9999.000,9999.000,9999.000
202609081536,   0.591,9999.000,9999.000,9999.000,9999.000,9999.000,9999.000,9999.000,9999.000
202609081542,   0.596,9999.000,9999.000,9999.000,9999.000,9999.000,9999.000,9999.000,9999.000
202609081548,   0.601,9999.000,9999.000,9999.000,9999.000,9999.000,9999.000,9999.000,9999.000
202609081554,   0.606,9999.000,9999.000,9999.000,9999.000,9999.000,9999.000,9999.000,9999.000
202609081600,   0.612,9999.000,   0.000,   0.108,   0.720,   0.000,   0.720,   0.000,   0.720
202609081606,   0.617,9999.000,9999.000,9999.000,9999.000,9999.000,9999.000,9999.000,9999.000
202609081612,   0.622,9999.000,9999.000,9999.000,9999.000,9999.000,9999.000,9999.000,9999.000
202609081618,   0.627,9999.000,9999.000,9999.000,9999.000,9999.000,9999.000,9999.000,9999.000
202609081624,   0.633,9999.000,9999.000,9999.000,9999.000,9999.000,9999.000,9999.000,9999.000
202609081630,   0.638,9999.000,9999.000,9999.000,9999.000,9999.000,9999.000,9999.000,9999.000
202609081636,   0.643,9999.000,9999.000,9999.000,9999.000,9999.000,9999.000,9999.000,9999.000
202609081642,   0.649,9999.000,9999.000,9999.000,9999.000,9999.000,9999.000,9999.000,9999.000
202609081648,   0.654,9999.000,9999.000,9999.000,9999.000,9999.000,9999.000,9999.000,9999.000
202609081654,   0.660,9999.000,9999.000,9999.000,9999.000,9999.000,9999.000,9999.000,9999.000
202609081700,   0.665,9999.000,   0.000,   0.108,   0.773,   0.000,   0.773,   0.000,   0.773
202609081706,   0.670,9999.000,9999.000,9999.000,9999.000,9999.000,9999.000,9999.000,9999.000
202609081712,   0.676,9999.000,9999.000,9999.000,9999.000,9999.000,9999.000,9999.000,9999.000
202609081718,   0.681,9999.000,9999.000,9999.000,9999.000,9999.000,9999.000,9999.000,9999.000
202609081724,   0.687,9999.000,9999.000,9999.000,9999.000,9999.000,9999.000,9999.000,9999.000
202609081730,   0.693,9999.000,9999.000,9999.000,9999.000,9999.000,9999.000,9999.000,9999.000
202609081736,   0.698,9999.000,9999.000,9999.000,9999.000,9999.000,9999.000,9999.000,9999.000
202609081742,   0.704,9999.000,9999.000,9999.000,9999.000,9999.000,9999.000,9999.000,9999.000
202609081748,   0.710,9999.000,9999.000,9999.000,9999.000,9999.000,9999.000,9999.000,9999.000
202609081754,   0.715,9999.000,9999.000,9999.000,9999.000,9999.000,9999.000,9999.000,9999.000
202609081800,   0.721,9999.000,   0.000,   0.108,   0.829,   0.000,   0.829,   0.000,   0.829
202609081806,   0.727,9999.000,9999.000,9999.000,9999.000,9999.000,9999.000,9999.000,9999.000
202609081812,   0.733,9999.000,9999.000,9999.000,9999.000,9999.000,9999.000,9999.000,9999.000
202609081818,   0.739,9999.000,9999.000,9999.000,9999.000,9999.000,9999.000,9999.000,9999.000
202609081824,   0.745,9999.000,9999.000,9999.000,9999.000,9999.000,9999.000,9999.000,9999.000
202609081830,   0.750,9999.000,9999.000,9999.000,9999.000,9999.000,9999.000,9999.000,9999.000
202609081836,   0.756,9999.000,9999.000,9999.000,9999.000,9999.000,9999.000,9999.000,9999.000
202609081842,   0.762,9999.000,9999.000,9999.000,9999.000,9999.000,9999.000,9999.000,9999.000
202609081848,   0.768,9999.000,9999.000,9999.000,9999.000,9999.000,9999.000,9999.000,9999.000
202609081854,   0.774,9999.000,9999.000,9999.000,9999.000,9999.000,9999.000,9999.000,9999.000
202609081900,   0.780,9999.000,   0.000,   0.108,   0.888,   0.000,   0.888,   0.000,   0.888
202609081906,   0.786,9999.000,9999.000,9999.000,9999.000,9999.000,9999.000,9999.000,9999.000
202609081912,   0.791,9999.000,9999.000,9999.000,9999.000,9999.000,9999.000,9999.000,9999.000
202609081918,   0.797,9999.000,9999.000,9999.000,9999.000,9999.000,9999.000,9999.000,9999.000
202609081924,   0.803,9999.000,9999.000,9999.000,9999.000,9999.000,9999.000,9999.000,9999.000
202609081930,   0.809,9999.000,9999.000,9999.000,9999.000,9999.000,9999.000,9999.000,9999.000
202609081936,   0.814,9999.000,9999.000,9999.000,9999.000,9999.000,9999.000,9999.000,9999.000
202609081942,   0.820,9999.000,9999.000,9999.000,9999.000,9999.000,9999.000,9999.000,9999.000
202609081948,   0.825,9999.000,9999.000,9999.000,9999.000,9999.000,9999.000,9999.000,9999.000
202609081954,   0.831,9999.000,9999.000,9999.000,9999.000,9999.000,9999.000,9999.000,9999.000
202609082000,   0.836,9999.000,   0.000,   0.108,   0.944,   0.000,   0.944,   0.000,   0.944
202609082006,   0.841,9999.000,9999.000,9999.000,9999.000,9999.000,9999.000,9999.000,9999.000
202609082012,   0.847,9999.000,9999.000,9999.000,9999.000,9999.000,9999.000,9999.000,9999.000
202609082018,   0.852,9999.000,9999.000,9999.000,9999.000,9999.000,9999.000,9999.000,9999.000
202609082024,   0.856,9999.000,9999.000,9999.000,9999.000,9999.000,9999.000,9999.000,9999.000
202609082030,   0.861,9999.000,9999.000,9999.000,9999.000,9999.000,9999.000,9999.000,9999.000
202609082036,   0.866,9999.000,9999.000,9999.000,9999.000,9999.000,9999.000,9999.000,9999.000
202609082042,   0.870,9999.000,9999.000,9999.000,9999.000,9999.000,9999.000,9999.000,9999.000
202609082048,   0.874,9999.000,9999.000,9999.000,9999.000,9999.000,9999.000,9999.000,9999.000
202609082054,   0.879,9999.000,9999.000,9999.000,9999.000,9999.000,9999.000,9999.000,9999.000
202609082100,   0.883,9999.000,   0.000,   0.108,   0.991,   0.000,   0.991,   0.000,   0.991
202609082106,   0.886,9999.000,9999.000,9999.000,9999.000,9999.000,9999.000,9999.000,9999.000
202609082112,   0.890,9999.000,9999.000,9999.000,9999.000,9999.000,9999.000,9999.000,9999.000
202609082118,   0.893,9999.000,9999.000,9999.000,9999.000,9999.000,9999.000,9999.000,9999.000
202609082124,   0.897,9999.000,9999.000,9999.000,9999.000,9999.000,9999.000,9999.000,9999.000
202609082130,   0.900,9999.000,9999.000,9999.000,9999.000,9999.000,9999.000,9999.000,9999.000
202609082136,   0.902,9999.000,9999.000,9999.000,9999.000,9999.000,9999.000,9999.000,9999.000
202609082142,   0.905,9999.000,9999.000,9999.000,9999.000,9999.000,9999.000,9999.000,9999.000
202609082148,   0.908,9999.000,9999.000,9999.000,9999.000,9999.000,9999.000,9999.000,9999.000
202609082154,   0.910,9999.000,9999.000,9999.000,9999.000,9999.000,9999.000,9999.000,9999.000
202609082200,   0.912,9999.000,   0.000,   0.108,   1.020,   0.000,   1.020,   0.000,   1.020
202609082206,   0.914,9999.000,9999.000,9999.000,9999.000,9999.000,9999.000,9999.000,9999.000
202609082212,   0.915,9999.000,9999.000,9999.000,9999.000,9999.000,9999.000,9999.000,9999.000
202609082218,   0.917,9999.000,9999.000,9999.000,9999.000,9999.000,9999.000,9999.000,9999.000
202609082224,   0.918,9999.000,9999.000,9999.000,9999.000,9999.000,9999.000,9999.000,9999.000
202609082230,   0.919,9999.000,9999.000,9999.000,9999.000,9999.000,9999.000,9999.000,9999.000
202609082236,   0.920,9999.000,9999.000,9999.000,9999.000,9999.000,9999.000,9999.000,9999.000
202609082242,   0.920,9999.000,9999.000,9999.000,9999.000,9999.000,9999.000,9999.000,9999.000
202609082248,   0.921,9999.000,9999.000,9999.000,9999.000,9999.000,9999.000,9999.000,9999.000
202609082254,   0.921,9999.000,9999.000,9999.000,9999.000,9999.000,9999.000,9999.000,9999.000
202609082300,   0.921,9999.000,   0.000,   0.108,   1.029,   0.000,   1.029,   0.000,   1.029
202609082306,   0.921,9999.000,9999.000,9999.000,9999.000,9999.000,9999.000,9999.000,9999.000
202609082312,   0.921,9999.000,9999.000,9999.000,9999.000,9999.000,9999.000,9999.000,9999.000
202609082318,   0.920,9999.000,9999.000,9999.000,9999.000,9999.000,9999.000,9999.000,9999.000
202609082324,   0.919,9999.000,9999.000,9999.000,9999.000,9999.000,9999.000,9999.000,9999.000
202609082330,   0.919,9999.000,9999.000,9999.000,9999.000,9999.000,9999.000,9999.000,9999.000
202609082336,   0.918,9999.000,9999.000,9999.000,9999.000,9999.000,9999.000,9999.000,9999.000
202609082342,   0.916,9999.000,9999.000,9999.000,9999.000,9999.000,9999.000,9999.000,9999.000
202609082348,   0.915,9999.000,9999.000,9999.000,9999.000,9999.000,9999.000,9999.000,9999.000
202609082354,   0.914,9999.000,9999.000,9999.000,9999.000,9999.000,9999.000,9999.000,9999.000
202609090000,   0.912,9999.000,   0.000,   0.108,   1.020,   0.000,   1.020,   0.000,   1.020
202609090006,   0.910,9999.000,9999.000,9999.000,9999.000,9999.000,9999.000,9999.000,9999.000
202609090012,   0.908,9999.000,9999.000,9999.000,9999.000,9999.000,9999.000,9999.000,9999.000
202609090018,   0.906,9999.000,9999.000,9999.000,9999.000,9999.000,9999.000,9999.000,9999.000
202609090024,   0.904,9999.000,9999.000,9999.000,9999.000,9999.000,9999.000,9999.000,9999.000
202609090030,   0.902,9999.000,9999.000,9999.000,9999.000,9999.000,9999.000,9999.000,9999.000
202609090036,   0.899,9999.000,9999.000,9999.000,9999.000,9999.000,9999.000,9999.000,9999.000
202609090042,   0.897,9999.000,9999.000,9999.000,9999.000,9999.000,9999.000,9999.000,9999.000
202609090048,   0.894,9999.000,9999.000,9999.000,9999.000,9999.000,9999.000,9999.000,9999.000
202609090054,   0.891,9999.000,9999.000,9999.000,9999.000,9999.000,9999.000,9999.000,9999.000
202609090100,   0.888,9999.000,   0.000,   0.108,   0.996,   0.000,   0.996,   0.000,   0.996
202609090106,   0.885,9999.000,9999.000,9999.000,9999.000,9999.000,9999.000,9999.000,9999.000
202609090112,   0.882,9999.000,9999.000,9999.000,9999.000,9999.000,9999.000,9999.000,9999.000
202609090118,   0.879,9999.000,9999.000,9999.000,9999.000,9999.000,9999.000,9999.000,9999.000
202609090124,   0.875,9999.000,9999.000,9999.000,9999.000,9999.000,9999.000,9999.000,9999.000
202609090130,   0.872,9999.000,9999.000,9999.000,9999.000,9999.000,9999.000,9999.000,9999.000
202609090136,   0.868,9999.000,9999.000,9999.000,9999.000,9999.000,9999.000,9999.000,9999.000
202609090142,   0.864,9999.000,9999.000,9999.000,9999.000,9999.000,9999.000,9999.000,9999.000
202609090148,   0.860,9999.000,9999.000,9999.000,9999.000,9999.000,9999.000,9999.000,9999.000
202609090154,   0.856,9999.000,9999.000,9999.000,9999.000,9999.000,9999.000,9999.000,9999.000
202609090200,   0.852,9999.000,   0.000,   0.108,   0.960,   0.000,   0.960,   0.000,   0.960
202609090206,   0.848,9999.000,9999.000,9999.000,9999.000,9999.000,9999.000,9999.000,9999.000
202609090212,   0.843,9999.000,9999.000,9999.000,9999.000,9999.000,9999.000,9999.000,9999.000
202609090218,   0.839,9999.000,9999.000,9999.000,9999.000,9999.000,9999.000,9999.000,9999.000
202609090224,   0.834,9999.000,9999.000,9999.000,9999.000,9999.000,9999.000,9999.000,9999.000
202609090230,   0.830,9999.000,9999.000,9999.000,9999.000,9999.000,9999.000,9999.000,9999.000
202609090236,   0.825,9999.000,9999.000,9999.000,9999.000,9999.000,9999.000,9999.000,9999.000
202609090242,   0.820,9999.000,9999.000,9999.000,9999.000,9999.000,9999.000,9999.000,9999.000
202609090248,   0.815,9999.000,9999.000,9999.000,9999.000,9999.000,9999.000,9999.000,9999.000
202609090254,   0.809,9999.000,9999.000,9999.000,9999.000,9999.000,9999.000,9999.000,9999.000
202609090300,   0.804,9999.000,   0.000,   0.108,   0.912,   0.000,   0.912,   0.000,   0.912
202609090306,   0.799,9999.000,9999.000,9999.000,9999.000,9999.000,9999.000,9999.000,9999.000
202609090312,   0.793,9999.000,9999.000,9999.000,9999.000,9999.000,9999.000,9999.000,9999.000
202609090318,   0.788,9999.000,9999.000,9999.000,9999.000,9999.000,9999.000,9999.000,9999.000
202609090324,   0.782,9999.000,9999.000,9999.000,9999.000,9999.000,9999.000,9999.000,9999.000
202609090330,   0.776,9999.000,9999.000,9999.000,9999.000,9999.000,9999.000,9999.000,9999.000
202609090336,   0.770,9999.000,9999.000,9999.000,9999.000,9999.000,9999.000,9999.000,9999.000
202609090342,   0.764,9999.000,9999.000,9999.000,9999.000,9999.000,9999.000,9999.000,9999.000
202609090348,   0.758,9999.000,9999.000,9999.000,9999.000,9999.000,9999.000,9999.000,9999.000
202609090354,   0.752,9999.000,9999.000,9999.000,9999.000,9999.000,9999.000,9999.000,9999.000
202609090400,   0.746,9999.000,   0.000,   0.108,   0.854,   0.000,   0.854,   0.000,   0.854
202609090406,   0.739,9999.000,9999.000,9999.000,9999.000,9999.000,9999.000,9999.000,9999.000
202609090412,   0.733,9999.000,9999.000,9999.000,9999.000,9999.000,9999.000,9999.000,9999.000
202609090418,   0.726,9999.000,9999.000,9999.000,9999.000,9999.000,9999.000,9999.000,9999.000
202609090424,   0.720,9999.000,9999.000,9999.000,9999.000,9999.000,9999.000,9999.000,9999.000
202609090430,   0.713,9999.000,9999.000,9999.000,9999.000,9999.000,9999.000,9999.000,9999.000
202609090436,   0.707,9999.000,9999.000,9999.000,9999.000,9999.000,9999.000,9999.000,9999.000
202609090442,   0.700,9999.000,9999.000,9999.000,9999.000,9999.000,9999.000,9999.000,9999.000
202609090448,   0.694,9999.000,9999.000,9999.000,9999.000,9999.000,9999.000,9999.000,9999.000
202609090454,   0.687,9999.000,9999.000,9999.000,9999.000,9999.000,9999.000,9999.000,9999.000
202609090500,   0.681,9999.000,   0.000,   0.108,   0.789,   0.000,   0.789,   0.000,   0.789
202609090506,   0.674,9999.000,9999.000,9999.000,9999.000,9999.000,9999.000,9999.000,9999.000
202609090512,   0.667,9999.000,9999.000,9999.000,9999.000,9999.000,9999.000,9999.000,9999.000
202609090518,   0.661,9999.000,9999.000,9999.000,9999.000,9999.000,9999.000,9999.000,9999.000
202609090524,   0.654,9999.000,9999.000,9999.000,9999.000,9999.000,9999.000,9999.000,9999.000
202609090530,   0.648,9999.000,9999.000,9999.000,9999.000,9999.000,9999.000,9999.000,9999.000
202609090536,   0.641,9999.000,9999.000,9999.000,9999.000,9999.000,9999.000,9999.000,9999.000
202609090542,   0.635,9999.000,9999.000,9999.000,9999.000,9999.000,9999.000,9999.000,9999.000
202609090548,   0.629,9999.000,9999.000,9999.000,9999.000,9999.000,9999.000,9999.000,9999.000
202609090554,   0.622,9999.000,9999.000,9999.000,9999.000,9999.000,9999.000,9999.000,9999.000
202609090600,   0.616,9999.000,   0.000,   0.108,   0.724,   0.000,   0.724,   0.000,   0.724
202609090606,   0.610,9999.000,9999.000,9999.000,9999.000,9999.000,9999.000,9999.000,9999.000
202609090612,   0.604,9999.000,9999.000,9999.000,9999.000,9999.000,9999.000,9999.000,9999.000
202609090618,   0.598,9999.000,9999.000,9999.000,9999.000,9999.000,9999.000,9999.000,9999.000
202609090624,   0.592,9999.000,9999.000,9999.000,9999.000,9999.000,9999.000,9999.000,9999.000
202609090630,   0.587,9999.000,9999.000,9999.000,9999.000,9999.000,9999.000,9999.000,9999.000
202609090636,   0.581,9999.000,9999.000,9999.000,9999.000,9999.000,9999.000,9999.000,9999.000
202609090642,   0.575,9999.000,9999.000,9999.000,9999.000,9999.000,9999.000,9999.000,9999.000
202609090648,   0.570,9999.000,9999.000,9999.000,9999.000,9999.000,9999.000,9999.000,9999.000
202609090654,   0.565,9999.000,9999.000,9999.000,9999.000,9999.000,9999.000,9999.000,9999.000
202609090700,   0.560,9999.000,   0.000,   0.108,   0.668,   0.000,   0.668,   0.000,   0.668
202609090706,   0.555,9999.000,9999.000,9999.000,9999.000,9999.000,9999.000,9999.000,9999.000
202609090712,   0.550,9999.000,9999.000,9999.000,9999.000,9999.000,9999.000,9999.000,9999.000
202609090718,   0.545,9999.000,9999.000,9999.000,9999.000,9999.000,9999.000,9999.000,9999.000
202609090724,   0.540,9999.000,9999.000,9999.000,9999.000,9999.000,9999.000,9999.000,9999.000
202609090730,   0.536,9999.000,9999.000,9999.000,9999.000,9999.000,9999.000,9999.000,9999.000
202609090736,   0.531,9999.000,9999.000,9999.000,9999.000,9999.000,9999.000,9999.000,9999.000
202609090742,   0.527,9999.000,9999.000,9999.000,9999.000,9999.000,9999.000,9999.000,9999.000
202609090748,   0.523,9999.000,9999.000,9999.000,9999.000,9999.000,9999.000,9999.000,9999.000
202609090754,   0.519,9999.000,9999.000,9999.000,9999.000,9999.000,9999.000,9999.000,9999.000
202609090800,   0.515,9999.000,   0.000,   0.108,   0.623,   0.000,   0.623,   0.000,   0.623
202609090806,   0.511,9999.000,9999.000,9999.000,9999.000,9999.000,9999.000,9999.000,9999.000
202609090812,   0.508,9999.000,9999.000,9999.000,9999.000,9999.000,9999.000,9999.000,9999.000
202609090818,   0.504,9999.000,9999.000,9999.000,9999.000,9999.000,9999.000,9999.000,9999.000
202609090824,   0.501,9999.000,9999.000,9999.000,9999.000,9999.000,9999.000,9999.000,9999.000
202609090830,   0.498,9999.000,9999.000,9999.000,9999.000,9999.000,9999.000,9999.000,9999.000
202609090836,   0.495,9999.000,9999.000,9999.000,9999.000,9999.000,9999.000,9999.000,9999.000
202609090842,   0.492,9999.000,9999.000,9999.000,9999.000,9999.000,9999.000,9999.000,9999.000
202609090848,   0.489,9999.000,9999.000,9999.000,9999.000,9999.000,9999.000,9999.000,9999.000
202609090854,   0.486,9999.000,9999.000,9999.000,9999.000,9999.000,9999.000,9999.000,9999.000
202609090900,   0.484,9999.000,   0.000,   0.108,   0.592,   0.000,   0.592,   0.000,   0.592
202609090906,   0.481,9999.000,9999.000,9999.000,9999.000,9999.000,9999.000,9999.000,9999.000
202609090912,   0.479,9999.000,9999.000,9999.000,9999.000,9999.000,9999.000,9999.000,9999.000
202609090918,   0.477,9999.000,9999.000,9999.000,9999.000,9999.000,9999.000,9999.000,9999.000
202609090924,   0.475,9999.000,9999.000,9999.000,9999.000,9999.000,9999.000,9999.000,9999.000
202609090930,   0.473,9999.000,9999.000,9999.000,9999.000,9999.000,9999.000,9999.000,9999.000
202609090936,   0.471,9999.000,9999.000,9999.000,9999.000,9999.000,9999.000,9999.000,9999.000
202609090942,   0.469,9999.000,9999.000,9999.000,9999.000,9999.000,9999.000,9999.000,9999.000
202609090948,   0.468,9999.000,9999.000,9999.000,9999.000,9999.000,9999.000,9999.000,9999.000
202609090954,   0.466,9999.000,9999.000,9999.000,9999.000,9999.000,9999.000,9999.000,9999.000
202609091000,   0.465,9999.000,   0.000,   0.108,   0.573,   0.000,   0.573,   0.000,   0.573
202609091006,   0.464,9999.000,9999.000,9999.000,9999.000,9999.000,9999.000,9999.000,9999.000
202609091012,   0.463,9999.000,9999.000,9999.000,9999.000,9999.000,9999.000,9999.000,9999.000
202609091018,   0.462,9999.000,9999.000,9999.000,9999.000,9999.000,9999.000,9999.000,9999.000
202609091024,   0.461,9999.000,9999.000,9999.000,9999.000,9999.000,9999.000,9999.000,9999.000
202609091030,   0.460,9999.000,9999.000,9999.000,9999.000,9999.000,9999.000,9999.000,9999.000
202609091036,   0.459,9999.000,9999.000,9999.000,9999.000,9999.000,9999.000,9999.000,9999.000
202609091042,   0.459,9999.000,9999.000,9999.000,9999.000,9999.000,9999.000,9999.000,9999.000
202609091048,   0.459,9999.000,9999.000,9999.000,9999.000,9999.000,9999.000,9999.000,9999.000
202609091054,   0.458,9999.000,9999.000,9999.000,9999.000,9999.000,9999.000,9999.000,9999.000
202609091100,   0.458,9999.000,   0.000,   0.108,   0.566,   0.000,   0.566,   0.000,   0.566
202609091106,   0.459,9999.000,9999.000,9999.000,9999.000,9999.000,9999.000,9999.000,9999.000
202609091112,   0.459,9999.000,9999.000,9999.000,9999.000,9999.000,9999.000,9999.000,9999.000
202609091118,   0.459,9999.000,9999.000,9999.000,9999.000,9999.000,9999.000,9999.000,9999.000
202609091124,   0.460,9999.000,9999.000,9999.000,9999.000,9999.000,9999.000,9999.000,9999.000
202609091130,   0.460,9999.000,9999.000,9999.000,9999.000,9999.000,9999.000,9999.000,9999.000
202609091136,   0.461,9999.000,9999.000,9999.000,9999.000,9999.000,9999.000,9999.000,9999.000
202609091142,   0.462,9999.000,9999.000,9999.000,9999.000,9999.000,9999.000,9999.000,9999.000
202609091148,   0.463,9999.000,9999.000,9999.000,9999.000,9999.000,9999.000,9999.000,9999.000
202609091154,   0.464,9999.000,9999.000,9999.000,9999.000,9999.000,9999.000,9999.000,9999.000
202609091200,   0.465,9999.000,   0.000,   0.108,   0.573,   0.000,   0.573,   0.000,   0.573
202609091206,   0.467,9999.000,9999.000,9999.000,9999.000,9999.000,9999.000,9999.000,9999.000
202609091212,   0.468,9999.000,9999.000,9999.000,9999.000,9999.000,9999.000,9999.000,9999.000
202609091218,   0.470,9999.000,9999.000,9999.000,9999.000,9999.000,9999.000,9999.000,9999.000
202609091224,   0.472,9999.000,9999.000,9999.000,9999.000,9999.000,9999.000,9999.000,9999.000
202609091230,   0.474,9999.000,9999.000,9999.000,9999.000,9999.000,9999.000,9999.000,9999.000
202609091236,   0.476,9999.000,9999.000,9999.000,9999.000,9999.000,9999.000,9999.000,9999.000
202609091242,   0.478,9999.000,9999.000,9999.000,9999.000,9999.000,9999.000,9999.000,9999.000
202609091248,   0.480,9999.000,9999.000,9999.000,9999.000,9999.000,9999.000,9999.000,9999.000
202609091254,   0.482,9999.000,9999.000,9999.000,9999.000,9999.000,9999.000,9999.000,9999.000
202609091300,   0.485,9999.000,   0.000,   0.108,   0.593,   0.000,   0.593,   0.000,   0.593
202609091306,   0.487,9999.000,9999.000,9999.000,9999.000,9999.000,9999.000,9999.000,9999.000
202609091312,   0.490,9999.000,9999.000,9999.000,9999.000,9999.000,9999.000,9999.000,9999.000
202609091318,   0.493,9999.000,9999.000,9999.000,9999.000,9999.000,9999.000,9999.000,9999.000
202609091324,   0.496,9999.000,9999.000,9999.000,9999.000,9999.000,9999.000,9999.000,9999.000
202609091330,   0.499,9999.000,9999.000,9999.000,9999.000,9999.000,9999.000,9999.000,9999.000
202609091336,   0.502,9999.000,9999.000,9999.000,9999.000,9999.000,9999.000,9999.000,9999.000
202609091342,   0.505,9999.000,9999.000,9999.000,9999.000,9999.000,9999.000,9999.000,9999.000
202609091348,   0.508,9999.000,9999.000,9999.000,9999.000,9999.000,9999.000,9999.000,9999.000
202609091354,   0.511,9999.000,9999.000,9999.000,9999.000,9999.000,9999.000,9999.000,9999.000
202609091400,   0.514,9999.000,   0.000,   0.108,   0.622,   0.000,   0.622,   0.000,   0.622
202609091406,   0.518,9999.000,9999.000,9999.000,9999.000,9999.000,9999.000,9999.000,9999.000
202609091412,   0.521,9999.000,9999.000,9999.000,9999.000,9999.000,9999.000,9999.000,9999.000
202609091418,   0.524,9999.000,9999.000,9999.000,9999.000,9999.000,9999.000,9999.000,9999.000
202609091424,   0.528,9999.000,9999.000,9999.000,9999.000,9999.000,9999.000,9999.000,9999.000
202609091430,   0.531,9999.000,9999.000,9999.000,9999.000,9999.000,9999.000,9999.000,9999.000
202609091436,   0.535,9999.000,9999.000,9999.000,9999.000,9999.000,9999.000,9999.000,9999.000
202609091442,   0.538,9999.000,9999.000,9999.000,9999.000,9999.000,9999.000,9999.000,9999.000
202609091448,   0.542,9999.000,9999.000,9999.000,9999.000,9999.000,9999.000,9999.000,9999.000
202609091454,   0.546,9999.000,9999.000,9999.000,9999.000,9999.000,9999.000,9999.000,9999.000
202609091500,   0.549,9999.000,   0.000,   0.108,   0.657,   0.000,   0.657,   0.100,   0.757
202609091506,   0.553,9999.000,9999.000,9999.000,9999.000,9999.000,9999.000,9999.000,9999.000
202609091512,   0.556,9999.000,9999.000,9999.000,9999.000,9999.000,9999.000,9999.000,9999.000
202609091518,   0.560,9999.000,9999.000,9999.000,9999.000,9999.000,9999.000,9999.000,9999.000
202609091524,   0.564,9999.000,9999.000,9999.000,9999.000,9999.000,9999.000,9999.000,9999.000
202609091530,   0.567,9999.000,9999.000,9999.000,9999.000,9999.000,9999.000,9999.000,9999.000
202609091536,   0.571,9999.000,9999.000,9999.000,9999.000,9999.000,9999.000,9999.000,9999.000
202609091542,   0.575,9999.000,9999.000,9999.000,9999.000,9999.000,9999.000,9999.000,9999.000
202609091548,   0.579,9999.000,9999.000,9999.000,9999.000,9999.000,9999.000,9999.000,9999.000
202609091554,   0.582,9999.000,9999.000,9999.000,9999.000,9999.000,9999.000,9999.000,9999.000
202609091600,   0.586,9999.000,   0.000,   0.108,   0.694,   0.000,   0.694,   0.100,   0.794
202609091606,   0.590,9999.000,9999.000,9999.000,9999.000,9999.000,9999.000,9999.000,9999.000
202609091612,   0.594,9999.000,9999.000,9999.000,9999.000,9999.000,9999.000,9999.000,9999.000
202609091618,   0.598,9999.000,9999.000,9999.000,9999.000,9999.000,9999.000,9999.000,9999.000
202609091624,   0.602,9999.000,9999.000,9999.000,9999.000,9999.000,9999.000,9999.000,9999.000
202609091630,   0.606,9999.000,9999.000,9999.000,9999.000,9999.000,9999.000,9999.000,9999.000
202609091636,   0.609,9999.000,9999.000,9999.000,9999.000,9999.000,9999.000,9999.000,9999.000
202609091642,   0.613,9999.000,9999.000,9999.000,9999.000,9999.000,9999.000,9999.000,9999.000
202609091648,   0.617,9999.000,9999.000,9999.000,9999.000,9999.000,9999.000,9999.000,9999.000
202609091654,   0.622,9999.000,9999.000,9999.000,9999.000,9999.000,9999.000,9999.000,9999.000
202609091700,   0.626,9999.000,   0.000,   0.108,   0.734,   0.000,   0.734,   0.100,   0.834
202609091706,   0.630,9999.000,9999.000,9999.000,9999.000,9999.000,9999.000,9999.000,9999.000
202609091712,   0.634,9999.000,9999.000,9999.000,9999.000,9999.000,9999.000,9999.000,9999.000
202609091718,   0.638,9999.000,9999.000,9999.000,9999.000,9999.000,9999.000,9999.000,9999.000
202609091724,   0.643,9999.000,9999.000,9999.000,9999.000,9999.000,9999.000,9999.000,9999.000
202609091730,   0.647,9999.000,9999.000,9999.000,9999.000,9999.000,9999.000,9999.000,9999.000
202609091736,   0.652,9999.000,9999.000,9999.000,9999.000,9999.000,9999.000,9999.000,9999.000
202609091742,   0.656,9999.000,9999.000,9999.000,9999.000,9999.000,9999.000,9999.000,9999.000
202609091748,   0.661,9999.000,9999.000,9999.000,9999.000,9999.000,9999.000,9999.000,9999.000
202609091754,   0.665,9999.000,9999.000,9999.000,9999.000,9999.000,9999.000,9999.000,9999.000
202609091800,   0.670,9999.000,   0.000,   0.108,   0.778,   0.000,   0.778,   0.100,   0.878
202609091806,   0.675,9999.000,9999.000,9999.000,9999.000,9999.000,9999.000,9999.000,9999.000
202609091812,   0.680,9999.000,9999.000,9999.000,9999.000,9999.000,9999.000,9999.000,9999.000
202609091818,   0.685,9999.000,9999.000,9999.000,9999.000,9999.000,9999.000,9999.000,9999.000
202609091824,   0.689,9999.000,9999.000,9999.000,9999.000,9999.000,9999.000,9999.000,9999.000
202609091830,   0.694,9999.000,9999.000,9999.000,9999.000,9999.000,9999.000,9999.000,9999.000
202609091836,   0.700,9999.000,9999.000,9999.000,9999.000,9999.000,9999.000,9999.000,9999.000
202609091842,   0.705,9999.000,9999.000,9999.000,9999.000,9999.000,9999.000,9999.000,9999.000
202609091848,   0.710,9999.000,9999.000,9999.000,9999.000,9999.000,9999.000,9999.000,9999.000
202609091854,   0.715,9999.000,9999.000,9999.000,9999.000,9999.000,9999.000,9999.000,9999.000
202609091900,   0.720,9999.000,   0.000,   0.108,   0.828,   0.000,   0.828,   0.100,   0.928
202609091906,   0.725,9999.000,9999.000,9999.000,9999.000,9999.000,9999.000,9999.000,9999.000
202609091912,   0.731,9999.000,9999.000,9999.000,9999.000,9999.000,9999.000,9999.000,9999.000
202609091918,   0.736,9999.000,9999.000,9999.000,9999.000,9999.000,9999.000,9999.000,9999.000
202609091924,   0.741,9999.000,9999.000,9999.000,9999.000,9999.000,9999.000,9999.000,9999.000
202609091930,   0.747,9999.000,9999.000,9999.000,9999.000,9999.000,9999.000,9999.000,9999.000
202609091936,   0.752,9999.000,9999.000,9999.000,9999.000,9999.000,9999.000,9999.000,9999.000
202609091942,   0.757,9999.000,9999.000,9999.000,9999.000,9999.000,9999.000,9999.000,9999.000
202609091948,   0.762,9999.000,9999.000,9999.000,9999.000,9999.000,9999.000,9999.000,9999.000
202609091954,   0.768,9999.000,9999.000,9999.000,9999.000,9999.000,9999.000,9999.000,9999.000
202609092000,   0.773,9999.000,   0.000,   0.108,   0.881,   0.000,   0.881,   0.100,   0.981
202609092006,   0.778,9999.000,9999.000,9999.000,9999.000,9999.000,9999.000,9999.000,9999.000
202609092012,   0.783,9999.000,9999.000,9999.000,9999.000,9999.000,9999.000,9999.000,9999.000
202609092018,   0.788,9999.000,9999.000,9999.000,9999.000,9999.000,9999.000,9999.000,9999.000
202609092024,   0.793,9999.000,9999.000,9999.000,9999.000,9999.000,9999.000,9999.000,9999.000
202609092030,   0.798,9999.000,9999.000,9999.000,9999.000,9999.000,9999.000,9999.000,9999.000
202609092036,   0.803,9999.000,9999.000,9999.000,9999.000,9999.000,9999.000,9999.000,9999.000
202609092042,   0.807,9999.000,9999.000,9999.000,9999.000,9999.000,9999.000,9999.000,9999.000
202609092048,   0.812,9999.000,9999.000,9999.000,9999.000,9999.000,9999.000,9999.000,9999.000
202609092054,   0.816,9999.000,9999.000,9999.000,9999.000,9999.000,9999.000,9999.000,9999.000
202609092100,   0.821,9999.000,   0.000,   0.108,   0.929,   0.000,   0.929,   0.100,   1.029
202609092106,   0.825,9999.000,9999.000,9999.000,9999.000,9999.000,9999.000,9999.000,9999.000
202609092112,   0.829,9999.000,9999.000,9999.000,9999.000,9999.000,9999.000,9999.000,9999.000
202609092118,   0.833,9999.000,9999.000,9999.000,9999.000,9999.000,9999.000,9999.000,9999.000
202609092124,   0.837,9999.000,9999.000,9999.000,9999.000,9999.000,9999.000,9999.000,9999.000
202609092130,   0.840,9999.000,9999.000,9999.000,9999.000,9999.000,9999.000,9999.000,9999.000
202609092136,   0.844,9999.000,9999.000,9999.000,9999.000,9999.000,9999.000,9999.000,9999.000
202609092142,   0.847,9999.000,9999.000,9999.000,9999.000,9999.000,9999.000,9999.000,9999.000
202609092148,   0.851,9999.000,9999.000,9999.000,9999.000,9999.000,9999.000,9999.000,9999.000
202609092154,   0.854,9999.000,9999.000,9999.000,9999.000,9999.000,9999.000,9999.000,9999.000
202609092200,   0.856,9999.000,   0.000,   0.108,   0.964,   0.000,   0.964,   0.100,   1.064
202609092206,   0.859,9999.000,9999.000,9999.000,9999.000,9999.000,9999.000,9999.000,9999.000
202609092212,   0.862,9999.000,9999.000,9999.000,9999.000,9999.000,9999.000,9999.000,9999.000
202609092218,   0.864,9999.000,9999.000,9999.000,9999.000,9999.000,9999.000,9999.000,9999.000
202609092224,   0.866,9999.000,9999.000,9999.000,9999.000,9999.000,9999.000,9999.000,9999.000
202609092230,   0.868,9999.000,9999.000,9999.000,9999.000,9999.000,9999.000,9999.000,9999.000
202609092236,   0.870,9999.000,9999.000,9999.000,9999.000,9999.000,9999.000,9999.000,9999.000
202609092242,   0.872,9999.000,9999.000,9999.000,9999.000,9999.000,9999.000,9999.000,9999.000
202609092248,   0.873,9999.000,9999.000,9999.000,9999.000,9999.000,9999.000,9999.000,9999.000
202609092254,   0.875,9999.000,9999.000,9999.000,9999.000,9999.000,9999.000,9999.000,9999.000
202609092300,   0.876,9999.000,   0.000,   0.108,   0.984,   0.000,   0.984,   0.100,   1.084
202609092306,   0.877,9999.000,9999.000,9999.000,9999.000,9999.000,9999.000,9999.000,9999.000
202609092312,   0.878,9999.000,9999.000,9999.000,9999.000,9999.000,9999.000,9999.000,9999.000
202609092318,   0.879,9999.000,9999.000,9999.000,9999.000,9999.000,9999.000,9999.000,9999.000
202609092324,   0.879,9999.000,9999.000,9999.000,9999.000,9999.000,9999.000,9999.000,9999.000
202609092330,   0.880,9999.000,9999.000,9999.000,9999.000,9999.000,9999.000,9999.000,9999.000
202609092336,   0.880,9999.000,9999.000,9999.000,9999.000,9999.000,9999.000,9999.000,9999.000
202609092342,   0.880,9999.000,9999.000,9999.000,9999.000,9999.000,9999.000,9999.000,9999.000
202609092348,   0.880,9999.000,9999.000,9999.000,9999.000,9999.000,9999.000,9999.000,9999.000
202609092354,   0.880,9999.000,9999.000,9999.000,9999.000,9999.000,9999.000,9999.000,9999.000
202609100000,   0.880,9999.000,   0.000,   0.108,   0.988,   0.000,   0.988,   0.100,   1.088
202609100006,   0.880,9999.000,9999.000,9999.000,9999.000,9999.000,9999.000,9999.000,9999.000
202609100012,   0.879,9999.000,9999.000,9999.000,9999.000,9999.000,9999.000,9999.000,9999.000
202609100018,   0.879,9999.000,9999.000,9999.000,9999.000,9999.000,9999.000,9999.000,9999.000
202609100024,   0.878,9999.000,9999.000,9999.000,9999.000,9999.000,9999.000,9999.000,9999.000
202609100030,   0.877,9999.000,9999.000,9999.000,9999.000,9999.000,9999.000,9999.000,9999.000
202609100036,   0.876,9999.000,9999.000,9999.000,9999.000,9999.000,9999.000,9999.000,9999.000
202609100042,   0.875,9999.000,9999.000,9999.000,9999.000,9999.000,9999.000,9999.000,9999.000
202609100048,   0.874,9999.000,9999.000,9999.000,9999.000,9999.000,9999.000,9999.000,9999.000
202609100054,   0.872,9999.000,9999.000,9999.000,9999.000,9999.000,9999.000,9999.000,9999.000
202609100100,   0.871,9999.000,   0.000,   0.108,   0.979,   0.000,   0.979,   0.100,   1.079
202609100106,   0.869,9999.000,9999.000,9999.000,9999.000,9999.000,9999.000,9999.000,9999.000
202609100112,   0.867,9999.000,9999.000,9999.000,9999.000,9999.000,9999.000,9999.000,9999.000
202609100118,   0.866,9999.000,9999.000,9999.000,9999.000,9999.000,9999.000,9999.000,9999.000
202609100124,   0.864,9999.000,9999.000,9999.000,9999.000,9999.000,9999.000,9999.000,9999.000
202609100130,   0.862,9999.000,9999.000,9999.000,9999.000,9999.000,9999.000,9999.000,9999.000
202609100136,   0.859,9999.000,9999.000,9999.000,9999.000,9999.000,9999.000,9999.000,9999.000
202609100142,   0.857,9999.000,9999.000,9999.000,9999.000,9999.000,9999.000,9999.000,9999.000
202609100148,   0.855,9999.000,9999.000,9999.000,9999.000,9999.000,9999.000,9999.000,9999.000
202609100154,   0.852,9999.000,9999.000,9999.000,9999.000,9999.000,9999.000,9999.000,9999.000
202609100200,   0.850,9999.000,   0.000,   0.108,   0.958,   0.000,   0.958,   0.100,   1.058
202609100206,   0.847,9999.000,9999.000,9999.000,9999.000,9999.000,9999.000,9999.000,9999.000
202609100212,   0.844,9999.000,9999.000,9999.000,9999.000,9999.000,9999.000,9999.000,9999.000
202609100218,   0.841,9999.000,9999.000,9999.000,9999.000,9999.000,9999.000,9999.000,9999.000
202609100224,   0.838,9999.000,9999.000,9999.000,9999.000,9999.000,9999.000,9999.000,9999.000
202609100230,   0.834,9999.000,9999.000,9999.000,9999.000,9999.000,9999.000,9999.000,9999.000
202609100236,   0.831,9999.000,9999.000,9999.000,9999.000,9999.000,9999.000,9999.000,9999.000
202609100242,   0.828,9999.000,9999.000,9999.000,9999.000,9999.000,9999.000,9999.000,9999.000
202609100248,   0.824,9999.000,9999.000,9999.000,9999.000,9999.000,9999.000,9999.000,9999.000
202609100254,   0.820,9999.000,9999.000,9999.000,9999.000,9999.000,9999.000,9999.000,9999.000
202609100300,   0.816,9999.000,   0.000,   0.108,   0.924,   0.000,   0.924,   0.100,   1.024
202609100306,   0.813,9999.000,9999.000,9999.000,9999.000,9999.000,9999.000,9999.000,9999.000
202609100312,   0.808,9999.000,9999.000,9999.000,9999.000,9999.000,9999.000,9999.000,9999.000
202609100318,   0.804,9999.000,9999.000,9999.000,9999.000,9999.000,9999.000,9999.000,9999.000
202609100324,   0.800,9999.000,9999.000,9999.000,9999.000,9999.000,9999.000,9999.000,9999.000
202609100330,   0.796,9999.000,9999.000,9999.000,9999.000,9999.000,9999.000,9999.000,9999.000
202609100336,   0.791,9999.000,9999.000,9999.000,9999.000,9999.000,9999.000,9999.000,9999.000
202609100342,   0.787,9999.000,9999.000,9999.000,9999.000,9999.000,9999.000,9999.000,9999.000
202609100348,   0.782,9999.000,9999.000,9999.000,9999.000,9999.000,9999.000,9999.000,9999.000
202609100354,   0.777,9999.000,9999.000,9999.000,9999.000,9999.000,9999.000,9999.000,9999.000
202609100400,   0.772,9999.000,   0.000,   0.108,   0.880,   0.000,   0.880,   0.100,   0.980
202609100406,   0.767,9999.000,9999.000,9999.000,9999.000,9999.000,9999.000,9999.000,9999.000
202609100412,   0.762,9999.000,9999.000,9999.000,9999.000,9999.000,9999.000,9999.000,9999.000
202609100418,   0.757,9999.000,9999.000,9999.000,9999.000,9999.000,9999.000,9999.000,9999.000
202609100424,   0.752,9999.000,9999.000,9999.000,9999.000,9999.000,9999.000,9999.000,9999.000
202609100430,   0.747,9999.000,9999.000,9999.000,9999.000,9999.000,9999.000,9999.000,9999.000
202609100436,   0.742,9999.000,9999.000,9999.000,9999.000,9999.000,9999.000,9999.000,9999.000
202609100442,   0.737,9999.000,9999.000,9999.000,9999.000,9999.000,9999.000,9999.000,9999.000
202609100448,   0.731,9999.000,9999.000,9999.000,9999.000,9999.000,9999.000,9999.000,9999.000
202609100454,   0.726,9999.000,9999.000,9999.000,9999.000,9999.000,9999.000,9999.000,9999.000
202609100500,   0.721,9999.000,   0.000,   0.108,   0.829,   0.000,   0.829,   0.100,   0.929
202609100506,   0.715,9999.000,9999.000,9999.000,9999.000,9999.000,9999.000,9999.000,9999.000
202609100512,   0.710,9999.000,9999.000,9999.000,9999.000,9999.000,9999.000,9999.000,9999.000
202609100518,   0.705,9999.000,9999.000,9999.000,9999.000,9999.000,9999.000,9999.000,9999.000
202609100524,   0.699,9999.000,9999.000,9999.000,9999.000,9999.000,9999.000,9999.000,9999.000
202609100530,   0.694,9999.000,9999.000,9999.000,9999.000,9999.000,9999.000,9999.000,9999.000
202609100536,   0.689,9999.000,9999.000,9999.000,9999.000,9999.000,9999.000,9999.000,9999.000
202609100542,   0.683,9999.000,9999.000,9999.000,9999.000,9999.000,9999.000,9999.000,9999.000
202609100548,   0.678,9999.000,9999.000,9999.000,9999.000,9999.000,9999.000,9999.000,9999.000
202609100554,   0.673,9999.000,9999.000,9999.000,9999.000,9999.000,9999.000,9999.000,9999.000
202609100600,   0.668,9999.000,   0.000,   0.108,   0.776,   0.000,   0.776,   0.100,   0.876
202609100606,   0.663,9999.000,9999.000,9999.000,9999.000,9999.000,9999.000,9999.000,9999.000
202609100612,   0.658,9999.000,9999.000,9999.000,9999.000,9999.000,9999.000,9999.000,9999.000
202609100618,   0.653,9999.000,9999.000,9999.000,9999.000,9999.000,9999.000,9999.000,9999.000
202609100624,   0.648,9999.000,9999.000,9999.000,9999.000,9999.000,9999.000,9999.000,9999.000
202609100630,   0.643,9999.000,9999.000,9999.000,9999.000,9999.000,9999.000,9999.000,9999.000
202609100636,   0.639,9999.000,9999.000,9999.000,9999.000,9999.000,9999.000,9999.000,9999.000
202609100642,   0.634,9999.000,9999.000,9999.000,9999.000,9999.000,9999.000,9999.000,9999.000
202609100648,   0.629,9999.000,9999.000,9999.000,9999.000,9999.000,9999.000,9999.000,9999.000
202609100654,   0.625,9999.000,9999.000,9999.000,9999.000,9999.000,9999.000,9999.000,9999.000
202609100700,   0.621,9999.000,   0.000,   0.108,   0.729,   0.000,   0.729,   0.100,   0.829
202609100706,   0.616,9999.000,9999.000,9999.000,9999.000,9999.000,9999.000,9999.000,9999.000
202609100712,   0.612,9999.000,9999.000,9999.000,9999.000,9999.000,9999.000,9999.000,9999.000
202609100718,   0.608,9999.000,9999.000,9999.000,9999.000,9999.000,9999.000,9999.000,9999.000
202609100724,   0.604,9999.000,9999.000,9999.000,9999.000,9999.000,9999.000,9999.000,9999.000
202609100730,   0.600,9999.000,9999.000,9999.000,9999.000,9999.000,9999.000,9999.000,9999.000
202609100736,   0.596,9999.000,9999.000,9999.000,9999.000,9999.000,9999.000,9999.000,9999.000
202609100742,   0.593,9999.000,9999.000,9999.000,9999.000,9999.000,9999.000,9999.000,9999.000
202609100748,   0.589,9999.000,9999.000,9999.000,9999.000,9999.000,9999.000,9999.000,9999.000
202609100754,   0.586,9999.000,9999.000,9999.000,9999.000,9999.000,9999.000,9999.000,9999.000
202609100800,   0.582,9999.000,   0.000,   0.108,   0.690,   0.000,   0.690,   0.100,   0.790
202609100806,   0.579,9999.000,9999.000,9999.000,9999.000,9999.000,9999.000,9999.000,9999.000
202609100812,   0.576,9999.000,9999.000,9999.000,9999.000,9999.000,9999.000,9999.000,9999.000
202609100818,   0.573,9999.000,9999.000,9999.000,9999.000,9999.000,9999.000,9999.000,9999.000
202609100824,   0.570,9999.000,9999.000,9999.000,9999.000,9999.000,9999.000,9999.000,9999.000
202609100830,   0.567,9999.000,9999.000,9999.000,9999.000,9999.000,9999.000,9999.000,9999.000
202609100836,   0.564,9999.000,9999.000,9999.000,9999.000,9999.000,9999.000,9999.000,9999.000
202609100842,   0.561,9999.000,9999.000,9999.000,9999.000,9999.000,9999.000,9999.000,9999.000
202609100848,   0.559,9999.000,9999.000,9999.000,9999.000,9999.000,9999.000,9999.000,9999.000
202609100854,   0.556,9999.000,9999.000,9999.000,9999.000,9999.000,9999.000,9999.000,9999.000
202609100900,   0.554,9999.000,   0.000,   0.108,   0.662,   0.000,   0.662,   0.100,   0.762
202609100906,   0.551,9999.000,9999.000,9999.000,9999.000,9999.000,9999.000,9999.000,9999.000
202609100912,   0.549,9999.000,9999.000,9999.000,9999.000,9999.000,9999.000,9999.000,9999.000
202609100918,   0.547,9999.000,9999.000,9999.000,9999.000,9999.000,9999.000,9999.000,9999.000
202609100924,   0.545,9999.000,9999.000,9999.000,9999.000,9999.000,9999.000,9999.000,9999.000
202609100930,   0.543,9999.000,9999.000,9999.000,9999.000,9999.000,9999.000,9999.000,9999.000
202609100936,   0.541,9999.000,9999.000,9999.000,9999.000,9999.000,9999.000,9999.000,9999.000
202609100942,   0.539,9999.000,9999.000,9999.000,9999.000,9999.000,9999.000,9999.000,9999.000
202609100948,   0.537,9999.000,9999.000,9999.000,9999.000,9999.000,9999.000,9999.000,9999.000
202609100954,   0.536,9999.000,9999.000,9999.000,9999.000,9999.000,9999.000,9999.000,9999.000
202609101000,   0.534,9999.000,   0.000,   0.108,   0.642,   0.000,   0.642,   0.100,   0.742
202609101006,   0.533,9999.000,9999.000,9999.000,9999.000,9999.000,9999.000,9999.000,9999.000
202609101012,   0.531,9999.000,9999.000,9999.000,9999.000,9999.000,9999.000,9999.000,9999.000
202609101018,   0.530,9999.000,9999.000,9999.000,9999.000,9999.000,9999.000,9999.000,9999.000
202609101024,   0.529,9999.000,9999.000,9999.000,9999.000,9999.000,9999.000,9999.000,9999.000
202609101030,   0.528,9999.000,9999.000,9999.000,9999.000,9999.000,9999.000,9999.000,9999.000
202609101036,   0.527,9999.000,9999.000,9999.000,9999.000,9999.000,9999.000,9999.000,9999.000
202609101042,   0.526,9999.000,9999.000,9999.000,9999.000,9999.000,9999.000,9999.000,9999.000
202609101048,   0.525,9999.000,9999.000,9999.000,9999.000,9999.000,9999.000,9999.000,9999.000
202609101054,   0.525,9999.000,9999.000,9999.000,9999.000,9999.000,9999.000,9999.000,9999.000
202609101100,   0.524,9999.000,   0.000,   0.108,   0.632,   0.000,   0.632,   0.100,   0.732
202609101106,   0.524,9999.000,9999.000,9999.000,9999.000,9999.000,9999.000,9999.000,9999.000
202609101112,   0.523,9999.000,9999.000,9999.000,9999.000,9999.000,9999.000,9999.000,9999.000
202609101118,   0.523,9999.000,9999.000,9999.000,9999.000,9999.000,9999.000,9999.000,9999.000
202609101124,   0.523,9999.000,9999.000,9999.000,9999.000,9999.000,9999.000,9999.000,9999.000
202609101130,   0.523,9999.000,9999.000,9999.000,9999.000,9999.000,9999.000,9999.000,9999.000
202609101136,   0.523,9999.000,9999.000,9999.000,9999.000,9999.000,9999.000,9999.000,9999.000
202609101142,   0.523,9999.000,9999.000,9999.000,9999.000,9999.000,9999.000,9999.000,9999.000
202609101148,   0.524,9999.000,9999.000,9999.000,9999.000,9999.000,9999.000,9999.000,9999.000
202609101154,   0.524,9999.000,9999.000,9999.000,9999.000,9999.000,9999.000,9999.000,9999.000
202609101200,   0.525,9999.000,   0.000,   0.108,   0.633,   0.000,   0.633,   0.100,   0.733
202609101206,   0.525,9999.000,9999.000,9999.000,9999.000,9999.000,9999.000,9999.000,9999.000
202609101212,   0.526,9999.000,9999.000,9999.000,9999.000,9999.000,9999.000,9999.000,9999.000
202609101218,   0.527,9999.000,9999.000,9999.000,9999.000,9999.000,9999.000,9999.000,9999.000
202609101224,   0.528,9999.000,9999.000,9999.000,9999.000,9999.000,9999.000,9999.000,9999.000
202609101230,   0.529,9999.000,9999.000,9999.000,9999.000,9999.000,9999.000,9999.000,9999.000
202609101236,   0.530,9999.000,9999.000,9999.000,9999.000,9999.000,9999.000,9999.000,9999.000
202609101242,   0.531,9999.000,9999.000,9999.000,9999.000,9999.000,9999.000,9999.000,9999.000
202609101248,   0.533,9999.000,9999.000,9999.000,9999.000,9999.000,9999.000,9999.000,9999.000
202609101254,   0.534,9999.000,9999.000,9999.000,9999.000,9999.000,9999.000,9999.000,9999.000
202609101300,   0.536,9999.000,   0.000,   0.108,   0.644,   0.000,   0.644,   0.100,   0.744
202609101306,   0.537,9999.000,9999.000,9999.000,9999.000,9999.000,9999.000,9999.000,9999.000
202609101312,   0.539,9999.000,9999.000,9999.000,9999.000,9999.000,9999.000,9999.000,9999.000
202609101318,   0.541,9999.000,9999.000,9999.000,9999.000,9999.000,9999.000,9999.000,9999.000
202609101324,   0.542,9999.000,9999.000,9999.000,9999.000,9999.000,9999.000,9999.000,9999.000
202609101330,   0.544,9999.000,9999.000,9999.000,9999.000,9999.000,9999.000,9999.000,9999.000
202609101336,   0.546,9999.000,9999.000,9999.000,9999.000,9999.000,9999.000,9999.000,9999.000
202609101342,   0.548,9999.000,9999.000,9999.000,9999.000,9999.000,9999.000,9999.000,9999.000
202609101348,   0.550,9999.000,9999.000,9999.000,9999.000,9999.000,9999.000,9999.000,9999.000
202609101354,   0.552,9999.000,9999.000,9999.000,9999.000,9999.000,9999.000,9999.000,9999.000
202609101400,   0.554,9999.000,   0.000,   0.108,   0.662,   0.000,   0.662,   0.100,   0.762
202609101406,   0.556,9999.000,9999.000,9999.000,9999.000,9999.000,9999.000,9999.000,9999.000
202609101412,   0.558,9999.000,9999.000,9999.000,9999.000,9999.000,9999.000,9999.000,9999.000
202609101418,   0.560,9999.000,9999.000,9999.000,9999.000,9999.000,9999.000,9999.000,9999.000
202609101424,   0.562,9999.000,9999.000,9999.000,9999.000,9999.000,9999.000,9999.000,9999.000
202609101430,   0.564,9999.000,9999.000,9999.000,9999.000,9999.000,9999.000,9999.000,9999.000
202609101436,   0.566,9999.000,9999.000,9999.000,9999.000,9999.000,9999.000,9999.000,9999.000
202609101442,   0.568,9999.000,9999.000,9999.000,9999.000,9999.000,9999.000,9999.000,9999.000
202609101448,   0.571,9999.000,9999.000,9999.000,9999.000,9999.000,9999.000,9999.000,9999.000
202609101454,   0.573,9999.000,9999.000,9999.000,9999.000,9999.000,9999.000,9999.000,9999.000
202609101500,   0.575,9999.000,   0.000,   0.108,   0.683,   0.000,   0.683,   0.100,   0.783
202609101506,   0.577,9999.000,9999.000,9999.000,9999.000,9999.000,9999.000,9999.000,9999.000
202609101512,   0.579,9999.000,9999.000,9999.000,9999.000,9999.000,9999.000,9999.000,9999.000
202609101518,   0.581,9999.000,9999.000,9999.000,9999.000,9999.000,9999.000,9999.000,9999.000
202609101524,   0.583,9999.000,9999.000,9999.000,9999.000,9999.000,9999.000,9999.000,9999.000
202609101530,   0.585,9999.000,9999.000,9999.000,9999.000,9999.000,9999.000,9999.000,9999.000
202609101536,   0.587,9999.000,9999.000,9999.000,9999.000,9999.000,9999.000,9999.000,9999.000
202609101542,   0.589,9999.000,9999.000,9999.000,9999.000,9999.000,9999.000,9999.000,9999.000
202609101548,   0.591,9999.000,9999.000,9999.000,9999.000,9999.000,9999.000,9999.000,9999.000
202609101554,   0.593,9999.000,9999.000,9999.000,9999.000,9999.000,9999.000,9999.000,9999.000
202609101600,   0.595,9999.000,   0.000,   0.108,   0.703,   0.000,   0.703,   0.100,   0.803
202609101606,   0.597,9999.000,9999.000,9999.000,9999.000,9999.000,9999.000,9999.000,9999.000
202609101612,   0.600,9999.000,9999.000,9999.000,9999.000,9999.000,9999.000,9999.000,9999.000
202609101618,   0.602,9999.000,9999.000,9999.000,9999.000,9999.000,9999.000,9999.000,9999.000
202609101624,   0.604,9999.000,9999.000,9999.000,9999.000,9999.000,9999.000,9999.000,9999.000
202609101630,   0.606,9999.000,9999.000,9999.000,9999.000,9999.000,9999.000,9999.000,9999.000
202609101636,   0.608,9999.000,9999.000,9999.000,9999.000,9999.000,9999.000,9999.000,9999.000
202609101642,   0.610,9999.000,9999.000,9999.000,9999.000,9999.000,9999.000,9999.000,9999.000
202609101648,   0.612,9999.000,9999.000,9999.000,9999.000,9999.000,9999.000,9999.000,9999.000
202609101654,   0.614,9999.000,9999.000,9999.000,9999.000,9999.000,9999.000,9999.000,9999.000
202609101700,   0.617,9999.000,   0.000,   0.108,   0.725,   0.000,   0.725,   0.100,   0.825
202609101706,   0.619,9999.000,9999.000,9999.000,9999.000,9999.000,9999.000,9999.000,9999.000
202609101712,   0.621,9999.000,9999.000,9999.000,9999.000,9999.000,9999.000,9999.000,9999.000
202609101718,   0.624,9999.000,9999.000,9999.000,9999.000,9999.000,9999.000,9999.000,9999.000
202609101724,   0.626,9999.000,9999.000,9999.000,9999.000,9999.000,9999.000,9999.000,9999.000
202609101730,   0.629,9999.000,9999.000,9999.000,9999.000,9999.000,9999.000,9999.000,9999.000
202609101736,   0.631,9999.000,9999.000,9999.000,9999.000,9999.000,9999.000,9999.000,9999.000
202609101742,   0.634,9999.000,9999.000,9999.000,9999.000,9999.000,9999.000,9999.000,9999.000
202609101748,   0.637,9999.000,9999.000,9999.000,9999.000,9999.000,9999.000,9999.000,9999.000
202609101754,   0.640,9999.000,9999.000,9999.000,9999.000,9999.000,9999.000,9999.000,9999.000
202609101800,   0.643,9999.000,   0.000,   0.108,   0.751,   0.000,   0.751,   0.100,   0.851
202609101806,   0.646,9999.000,9999.000,9999.000,9999.000,9999.000,9999.000,9999.000,9999.000
202609101812,   0.649,9999.000,9999.000,9999.000,9999.000,9999.000,9999.000,9999.000,9999.000
202609101818,   0.652,9999.000,9999.000,9999.000,9999.000,9999.000,9999.000,9999.000,9999.000
202609101824,   0.655,9999.000,9999.000,9999.000,9999.000,9999.000,9999.000,9999.000,9999.000
202609101830,   0.658,9999.000,9999.000,9999.000,9999.000,9999.000,9999.000,9999.000,9999.000
202609101836,   0.662,9999.000,9999.000,9999.000,9999.000,9999.000,9999.000,9999.000,9999.000
202609101842,   0.665,9999.000,9999.000,9999.000,9999.000,9999.000,9999.000,9999.000,9999.000
202609101848,   0.669,9999.000,9999.000,9999.000,9999.000,9999.000,9999.000,9999.000,9999.000
202609101854,   0.672,9999.000,9999.000,9999.000,9999.000,9999.000,9999.000,9999.000,9999.000
202609101900,   0.676,9999.000,   0.000,   0.108,   0.784,   0.000,   0.784,   0.100,   0.884
202609101906,   0.680,9999.000,9999.000,9999.000,9999.000,9999.000,9999.000,9999.000,9999.000
202609101912,   0.683,9999.000,9999.000,9999.000,9999.000,9999.000,9999.000,9999.000,9999.000
202609101918,   0.687,9999.000,9999.000,9999.000,9999.000,9999.000,9999.000,9999.000,9999.000
202609101924,   0.691,9999.000,9999.000,9999.000,9999.000,9999.000,9999.000,9999.000,9999.000
202609101930,   0.695,9999.000,9999.000,9999.000,9999.000,9999.000,9999.000,9999.000,9999.000
202609101936,   0.699,9999.000,9999.000,9999.000,9999.000,9999.000,9999.000,9999.000,9999.000
202609101942,   0.703,9999.000,9999.000,9999.000,9999.000,9999.000,9999.000,9999.000,9999.000
202609101948,   0.707,9999.000,9999.000,9999.000,9999.000,9999.000,9999.000,9999.000,9999.000
202609101954,   0.711,9999.000,9999.000,9999.000,9999.000,9999.000,9999.000,9999.000,9999.000
202609102000,   0.715,9999.000,   0.000,   0.108,   0.823,   0.000,   0.823,   0.100,   0.923
202609102006,   0.719,9999.000,9999.000,9999.000,9999.000,9999.000,9999.000,9999.000,9999.000
202609102012,   0.723,9999.000,9999.000,9999.000,9999.000,9999.000,9999.000,9999.000,9999.000
202609102018,   0.727,9999.000,9999.000,9999.000,9999.000,9999.000,9999.000,9999.000,9999.000
202609102024,   0.731,9999.000,9999.000,9999.000,9999.000,9999.000,9999.000,9999.000,9999.000
202609102030,   0.735,9999.000,9999.000,9999.000,9999.000,9999.000,9999.000,9999.000,9999.000
202609102036,   0.739,9999.000,9999.000,9999.000,9999.000,9999.000,9999.000,9999.000,9999.000
202609102042,   0.743,9999.000,9999.000,9999.000,9999.000,9999.000,9999.000,9999.000,9999.000
202609102048,   0.746,9999.000,9999.000,9999.000,9999.000,9999.000,9999.000,9999.000,9999.000
202609102054,   0.750,9999.000,9999.000,9999.000,9999.000,9999.000,9999.000,9999.000,9999.000
202609102100,   0.754,9999.000,   0.000,   0.108,   0.862,   0.000,   0.862,   0.100,   0.962
202609102106,   0.758,9999.000,9999.000,9999.000,9999.000,9999.000,9999.000,9999.000,9999.000
202609102112,   0.761,9999.000,9999.000,9999.000,9999.000,9999.000,9999.000,9999.000,9999.000
202609102118,   0.765,9999.000,9999.000,9999.000,9999.000,9999.000,9999.000,9999.000,9999.000
202609102124,   0.768,9999.000,9999.000,9999.000,9999.000,9999.000,9999.000,9999.000,9999.000
202609102130,   0.771,9999.000,9999.000,9999.000,9999.000,9999.000,9999.000,9999.000,9999.000
202609102136,   0.775,9999.000,9999.000,9999.000,9999.000,9999.000,9999.000,9999.000,9999.000
202609102142,   0.778,9999.000,9999.000,9999.000,9999.000,9999.000,9999.000,9999.000,9999.000
202609102148,   0.781,9999.000,9999.000,9999.000,9999.000,9999.000,9999.000,9999.000,9999.000
202609102154,   0.784,9999.000,9999.000,9999.000,9999.000,9999.000,9999.000,9999.000,9999.000
202609102200,   0.786,9999.000,   0.000,   0.108,   0.894,   0.000,   0.894,   0.100,   0.994
202609102206,   0.789,9999.000,9999.000,9999.000,9999.000,9999.000,9999.000,9999.000,9999.000
202609102212,   0.792,9999.000,9999.000,9999.000,9999.000,9999.000,9999.000,9999.000,9999.000
202609102218,   0.794,9999.000,9999.000,9999.000,9999.000,9999.000,9999.000,9999.000,9999.000
202609102224,   0.796,9999.000,9999.000,9999.000,9999.000,9999.000,9999.000,9999.000,9999.000
202609102230,   0.799,9999.000,9999.000,9999.000,9999.000,9999.000,9999.000,9999.000,9999.000
202609102236,   0.801,9999.000,9999.000,9999.000,9999.000,9999.000,9999.000,9999.000,9999.000
202609102242,   0.803,9999.000,9999.000,9999.000,9999.000,9999.000,9999.000,9999.000,9999.000
202609102248,   0.805,9999.000,9999.000,9999.000,9999.000,9999.000,9999.000,9999.000,9999.000
202609102254,   0.806,9999.000,9999.000,9999.000,9999.000,9999.000,9999.000,9999.000,9999.000
202609102300,   0.808,9999.000,   0.000,   0.108,   0.916,   0.000,   0.916,   0.100,   1.016
202609102306,   0.809,9999.000,9999.000,9999.000,9999.000,9999.000,9999.000,9999.000,9999.000
202609102312,   0.811,9999.000,9999.000,9999.000,9999.000,9999.000,9999.000,9999.000,9999.000
202609102318,   0.812,9999.000,9999.000,9999.000,9999.000,9999.000,9999.000,9999.000,9999.000
202609102324,   0.813,9999.000,9999.000,9999.000,9999.000,9999.000,9999.000,9999.000,9999.000
202609102330,   0.815,9999.000,9999.000,9999.000,9999.000,9999.000,9999.000,9999.000,9999.000
202609102336,   0.816,9999.000,9999.000,9999.000,9999.000,9999.000,9999.000,9999.000,9999.000
202609102342,   0.816,9999.000,9999.000,9999.000,9999.000,9999.000,9999.000,9999.000,9999.000
202609102348,   0.817,9999.000,9999.000,9999.000,9999.000,9999.000,9999.000,9999.000,9999.000
202609102354,   0.818,9999.000,9999.000,9999.000,9999.000,9999.000,9999.000,9999.000,9999.000
202609110000,   0.818,9999.000,   0.000,   0.108,   0.926,   0.000,   0.926,   0.100,   1.026
